,index,max,mean,min,median,mode,skewness,std,var
A,0,1.0,0.4352299190595071,0.0,0.4417849907776541,0.4098039262845965,-0.10488815393183958,0.09005467600282353,0.00810984466997352
G,1,1.0,0.3714494331639658,0.0,0.3656036341673696,0.37499998855590855,0.37122843226726326,0.06355901688519737,0.004039748627412804
T,2,1.0,0.4700049274516815,0.0,0.4709432994158736,0.476562513634563,0.009362237258494619,0.08853474321215656,0.007838400755642502
C,3,1.0,0.41992197474966,0.0,0.4093840199923419,0.43421053189518055,0.3930925410242075,0.08659283340001313,0.007498318796242428
AA,4,1.0,0.2102554338593731,0.0,0.21155659230840665,0.24502839956855918,0.249629184187664,0.08311717824413466,0.0069084653192672514
AG,5,1.0,0.357422681541988,0.0,0.35293449342037475,0.3589743644518728,0.5879016502619534,0.06146773998512429,0.003778283058878847
AT,6,1.0,0.19252963715249605,0.0,0.19295647802806823,0.22424241195552627,0.13862801348074336,0.06943519586514904,0.0048212464248316095
AC,7,1.0,0.17544406929594478,0.0,0.17373325965222364,0.16956521694132873,0.8055183378621652,0.029976278768523074,0.0008985772888082073
GA,8,1.0,0.32807299278670055,0.0,0.32302979914512225,0.3363539597301548,0.5868208875984896,0.062432308026903346,0.00389779308556614
GG,9,1.0,0.13632289901421976,0.0,0.12898330688476561,0.15384616088867187,0.7268449302615966,0.04748624602599465,0.0022549435616412926
GT,10,1.0,0.26643128433246754,0.0,0.2665962383417207,0.27536585683546916,0.5383374915617226,0.050281923076872,0.002528271788308473
GC,11,1.0,0.25202816230978153,0.0,0.23589231853005233,0.2058823492452761,0.8037715375138341,0.08894419369944433,0.007911069592844272
TA,12,1.0,0.15443631088261048,0.0,0.1490367754128851,0.0,0.4394469452474028,0.07264064707301784,0.005276663607186737
TG,13,1.0,0.33019527831634515,0.0,0.3288866681166544,0.32769231329251786,0.44115453505411567,0.048981831613613185,0.002399219828224356
TT,14,1.0,0.20595272059815117,0.0,0.20245398857257116,0.25,0.35039504511221126,0.08482135563855345,0.0071946623723619626
TC,15,1.0,0.29948705626773076,0.0,0.2964896329591248,0.3013947876930852,0.5266327802878187,0.05422277558304149,0.00294010939192888
CA,16,1.0,0.24339863452313706,0.0,0.24220310946476556,0.2521008525229083,0.3702692414539815,0.037950420980150876,0.0014402344525706757
CG,17,1.0,0.11731882691396346,0.0,0.0955447278879053,0.0,1.5310847442925728,0.08250367104493984,0.006806855735891646
CT,18,1.0,0.3246203583940977,0.0,0.32016806197607234,0.32142857142857145,0.5167421174176782,0.05810997702761366,0.0033767694301497873
CC,19,1.0,0.21056435058769996,0.0,0.19505176711878153,0.18749999427795427,0.7064105508995263,0.08487368734491454,0.007203542803522308
KMAAA: Transcript k-mer AAA content,20,1.0,0.07778188571351156,0.0,0.07538158684379162,0.0,0.6993952615426676,0.04547660692501869,0.0020681217774126577
KMAAG: Transcript k-mer AAG content,21,1.0,0.18001898354962895,0.0,0.17573857307434082,0.0,0.8622039584630004,0.06343087325208932,0.004023475681522621
KMAAT: Transcript k-mer AAT content,22,1.0,0.12938068601666242,0.0,0.1262327423095703,0.0,0.36442819122899023,0.0721035302082065,0.005198919068485748
KMAAC: Transcript k-mer AAC content,23,1.0,0.07595974052381932,0.0,0.07549264706390979,0.0,0.7693188813715943,0.028280807037292875,0.0007998040466805943
KMAGA: Transcript k-mer AGA content,24,1.0,0.12964837945142133,0.0,0.12562950265373582,0.0,0.8454854569131598,0.04482199660226803,0.0020090113794137268
KMAGG: Transcript k-mer AGG content,25,1.0,0.18747385955408816,0.0,0.18018017536885045,0.0,0.8882273393038683,0.0651070346744144,0.004238925964095397
KMAGT: Transcript k-mer AGT content,26,1.0,0.11386596716096127,0.0,0.11387900543212891,0.0,0.6860159796285081,0.03801230489416728,0.001444935323367134
KMAGC: Transcript k-mer AGC content,27,1.0,0.10007754608712331,0.0,0.09661835734049479,0.0,0.8661460950654994,0.03398438107954286,0.0011549381573595907
KMATA: Transcript k-mer ATA content,28,1.0,0.0489645524857392,0.0,0.04446908226381419,0.0,1.0741717248156692,0.03326641405161641,0.0011066543038535813
KMATG: Transcript k-mer ATG content,29,1.0,0.11444005089706458,0.0,0.11422449159122937,0.0,0.8056794814660521,0.03922383203770925,0.0015385089997224267
KMATT: Transcript k-mer ATT content,30,1.0,0.150778263985193,0.0,0.145408162525722,0.0,0.46038478318233994,0.08498666043215235,0.007222732451409968
KMATC: Transcript k-mer ATC content,31,1.0,0.0904392037753447,0.0,0.08990947633529124,0.0,0.7296991148547305,0.031224614106004155,0.0009749765260688737
KMACA: Transcript k-mer ACA content,32,1.0,0.06707474057891624,0.0,0.06614687865758168,0.0,1.354536426799867,0.02290991695404812,0.0005248642948413814
KMACG: Transcript k-mer ACG content,33,1.0,0.06607131543512106,0.0,0.05664487627129166,0.0,1.4801488057341765,0.04502806537763913,0.0020275266716529433
KMACT: Transcript k-mer ACT content,34,1.0,0.11536021866860278,0.0,0.1151493377685547,0.0,1.280003486670006,0.03812436553181232,0.0014534672472032392
KMACC: Transcript k-mer ACC content,35,1.0,0.11295608987487907,0.0,0.1089622641509434,0.0,0.7327680019093579,0.04106580764790332,0.0016864005577745943
KMGAA: Transcript k-mer GAA content,36,1.0,0.17443414464681073,0.0,0.17061611938476562,0.0,0.6307296346653984,0.06579430725904194,0.004328890867697219
KMGAG: Transcript k-mer GAG content,37,1.0,0.18514383606590581,0.0,0.17857142857142858,0.0,0.9587697794223448,0.06686559626074895,0.004471007963305483
KMGAT: Transcript k-mer GAT content,38,1.0,0.15505436184921564,0.0,0.1528278627935002,0.0,0.9423593171140849,0.05745688045517045,0.003301293111639748
KMGAC: Transcript k-mer GAC content,39,1.0,0.10514598268816194,0.0,0.10126582336425781,0.0,0.8440183793962699,0.03662984222541185,0.0013417453414585649
KMGGA: Transcript k-mer GGA content,40,1.0,0.1918481509228822,0.0,0.18694361116199915,0.0,0.7363773325345885,0.05972707470168372,0.003567323452420508
KMGGG: Transcript k-mer GGG content,41,1.0,0.05180632389084103,0.0,0.04545454363389455,0.0,1.4165569684427521,0.030214949914297892,0.0009129431983235303
KMGGT: Transcript k-mer GGT content,42,1.0,0.07861951526040448,0.0,0.07596770350940822,0.0,1.5079711045815956,0.02942174248614776,0.0008656389309211922
KMGGC: Transcript k-mer GGC content,43,1.0,0.09727094485709836,0.0,0.08617166448354079,0.0,1.016543282307892,0.05126199993978917,0.0026277926378269452
KMGTA: Transcript k-mer GTA content,44,1.0,0.08501888820402619,0.0,0.08223650756634909,0.0,1.001258368970923,0.043095114390054645,0.001857188884291895
KMGTG: Transcript k-mer GTG content,45,1.0,0.11052858591608068,0.0,0.10660498073573847,0.0,1.3575584865020445,0.03865175904761838,0.0014939584774751496
KMGTT: Transcript k-mer GTT content,46,1.0,0.12199785135781302,0.0,0.12114712719068273,0.0,0.7020312832073918,0.05137126906597214,0.0026390072854485065
KMGTC: Transcript k-mer GTC content,47,1.0,0.12329054267365087,0.0,0.11998500279017855,0.0,1.1409516900750927,0.04425364176822726,0.0019583848097505887
KMGCA: Transcript k-mer GCA content,48,1.0,0.09233261321482131,0.0,0.08978675333658852,0.0,1.1708529145544349,0.02923159565820368,0.0008544861847247123
KMGCG: Transcript k-mer GCG content,49,1.0,0.04733860047964911,0.0,0.034246575037638345,0.0,2.3879896368393685,0.04622647627977901,0.002136887109244971
KMGCT: Transcript k-mer GCT content,50,1.0,0.11434362486879322,0.0,0.10971786803416493,0.0,0.9695805626935502,0.03935758828748531,0.001549019755807201
KMGCC: Transcript k-mer GCC content,51,0.9999999999999999,0.15238703166052822,0.0,0.1344989579544297,0.0,0.9231945296449418,0.08150983052152479,0.006643852471647693
KMTAA: Transcript k-mer TAA content,52,1.0,0.134214009045139,0.0,0.12531646443379105,0.0,0.5965643906917517,0.08482491320876101,0.0071952659008738375
KMTAG: Transcript k-mer TAG content,53,1.0,0.06461705221999467,0.0,0.06303348541259765,0.0,1.004084698174414,0.03486569336744123,0.0012156165739924357
KMTAT: Transcript k-mer TAT content,54,0.9999999999999999,0.05164358542991263,0.0,0.04651624153270073,0.0,1.107114968325672,0.03394671696109276,0.0011523795924365432
KMTAC: Transcript k-mer TAC content,55,1.0,0.07622754239888876,0.0,0.07482014465332032,0.0,1.3618093892184604,0.032937970255427475,0.0010849098845474251
KMTGA: Transcript k-mer TGA content,56,1.0,0.14426838615540855,0.0,0.14352972850127346,0.0,1.2228851866175354,0.043987014279400716,0.0019348574252162024
KMTGG: Transcript k-mer TGG content,57,1.0,0.14448595143194434,0.0,0.14023377616303484,0.0,0.8548625207554681,0.0441603222250569,0.001950134059020854
KMTGT: Transcript k-mer TGT content,58,1.0,0.1131226100785206,0.0,0.11237458190682431,0.0,0.8924173789687465,0.04021227344500647,0.0016170269356159724
KMTGC: Transcript k-mer TGC content,59,1.0,0.16386863361670362,0.0,0.15759540909100841,0.0,1.1286044506181967,0.054762990087942824,0.0029989850833721243
KMTTA: Transcript k-mer TTA content,60,1.0,0.11342504941949796,0.0,0.10487088306476258,0.0,0.6618488266558475,0.07344190792288322,0.005393713839353256
KMTTG: Transcript k-mer TTG content,61,1.0,0.1853200554699243,0.0,0.1863949010161381,0.0,0.35524464745575135,0.07127864982387447,0.005080645920714519
KMTTT: Transcript k-mer TTT content,62,1.0,0.08552057690623047,0.0,0.07896055844505848,0.0,0.8688310445244172,0.05182201171748369,0.0026855208984470167
KMTTC: Transcript k-mer TTC content,63,1.0,0.1541214793298523,0.0,0.15391258151511897,0.0,0.5408405463449151,0.049785502025279135,0.002478596211909073
KMTCA: Transcript k-mer TCA content,64,1.0,0.13015091022657835,0.0,0.13015989038789158,0.0,0.48233522825845915,0.03882646507701258,0.0015074943903764775
KMTCG: Transcript k-mer TCG content,65,1.0,0.07498933865934111,0.0,0.06587374114990234,0.0,1.6043875030798693,0.05128452714402935,0.0026301027243866826
KMTCT: Transcript k-mer TCT content,66,1.0,0.12078602713594482,0.0,0.11932852248844157,0.0,0.9926852660054841,0.04035334323218354,0.0016283923100144134
KMTCC: Transcript k-mer TCC content,67,1.0,0.15817793097202026,0.0,0.15380374820545203,0.0,0.7228911244915669,0.05615741783358868,0.0031536555777362633
KMCAA: Transcript k-mer CAA content,68,1.0,0.1588647362078617,0.0,0.15712681529676267,0.0,0.5856384190285062,0.053902634625449905,0.002905494019564751
KMCAG: Transcript k-mer CAG content,69,1.0,0.13373981035646235,0.0,0.13048420767121138,0.0,0.681509211593729,0.03942793096171238,0.0015545617399215581
KMCAT: Transcript k-mer CAT content,70,0.9999999999999999,0.13586396367628484,0.0,0.13542186453545996,0.0,0.7693338825738918,0.04568924123179261,0.002087506764336938
KMCAC: Transcript k-mer CAC content,71,1.0,0.07886009674708729,0.0,0.07602339012116253,0.0,1.2612424590747244,0.029581951417341896,0.0008750918496579763
KMCGA: Transcript k-mer CGA content,72,1.0,0.08810114416470931,0.0,0.07688709024213965,0.0,1.3932776046198334,0.0600629132932733,0.0036075535532752658
KMCGG: Transcript k-mer CGG content,73,1.0,0.052078866281084046,0.0,0.039730877286212656,0.0,1.8717706863642194,0.04505382176971203,0.002029846856056978
KMCGT: Transcript k-mer CGT content,74,1.0,0.07171940751786846,0.0,0.06267982352294417,0.0,1.512316089447193,0.048129452716048106,0.00231644421874631
KMCGC: Transcript k-mer CGC content,75,0.9999999999999999,0.05622976746841566,0.0,0.03956639573523094,0.0,2.3797516937083296,0.056155603527775086,0.003153451807568666
KMCTA: Transcript k-mer CTA content,76,1.0,0.06262451105046732,0.0,0.0616729090629892,0.0,1.4669320555481031,0.025993186164033774,0.0006756457269581168
KMCTG: Transcript k-mer CTG content,77,1.0,0.15881814060191815,0.0,0.15179759897468265,0.0,0.7499924916891042,0.05251624378155476,0.0027579558609236894
KMCTT: Transcript k-mer CTT content,78,1.0,0.15889532995977818,0.0,0.15895103160244656,0.0,0.5481181231834071,0.05054479238096345,0.0025547760368347014
KMCTC: Transcript k-mer CTC content,79,1.0,0.13098403181782728,0.0,0.12609803441537581,0.0,0.9761261967222131,0.050007535707770515,0.0025007536275639427
KMCCA: Transcript k-mer CCA content,80,1.0,0.1728498819764494,0.0,0.16781428734656015,0.0,0.575479149339098,0.0578034747934574,0.003341241698197865
KMCCG: Transcript k-mer CCG content,81,1.0,0.06557700107266361,0.0,0.049536177978766534,0.0,1.828270390724058,0.05729873554644045,0.0032831450952209187
KMCCT: Transcript k-mer CCT content,82,1.0,0.09532959490906669,0.0,0.09063444051713744,0.0,0.6930117824080906,0.035924084629339284,0.001290539856455931
KMCCC: Transcript k-mer CCC content,83,1.0,0.12735919695537293,0.0,0.10751131177517301,0.0,1.2347543919709503,0.08128023381081667,0.006606476408341025
1_AA,84,1.0,0.2171927402259181,0.0,0.21799805311349887,0.0,0.2860617628859847,0.07962298615055888,0.00633981992353209
1_AC,85,1.0,0.21815916225726115,0.0,0.21618870709178423,0.2637362637362639,0.38944549729163186,0.03626593908335449,0.0013152183375975783
1_AG,86,1.0,0.321593232980174,0.0,0.31715306730196585,0.3571428571428571,0.6171049099589195,0.0589671612843635,0.0034771261099361375
1_AT,87,1.0,0.24278902246515616,0.0,0.24548736462093873,0.0,0.04657408467162022,0.08716943270694281,0.007598509998450232
1_CA,88,1.0,0.28166502230534024,0.0,0.27881273695613545,0.2610452586206956,0.506230106176389,0.05020253861958989,0.0025202948838514145
1_CC,89,1.0,0.23497170540147774,0.0,0.21869118803154097,0.0,0.7756093907255843,0.0954010688383431,0.009101363935498279
1_CG,90,1.0,0.2610773906276902,0.0,0.24786539427423473,0.2727272727272728,0.5754812657646771,0.08582582756730923,0.007366072677613498
1_CT,91,1.0,0.1774719522483776,0.0,0.17618270799347452,0.15,0.36367949327704563,0.03186134720757562,0.0010151454458816869
1_GA,92,1.0,0.30897328143530406,0.0,0.30585533869116144,0.32142857142857134,0.3871682548998476,0.05381108859635837,0.0028956332559251304
1_GC,93,1.0,0.23874056285755815,0.0,0.22345616691906436,0.1477525589675123,0.6155125867693373,0.08589719483103771,0.007378328079841251
1_GG,94,1.0,0.18857124047250326,0.0,0.17865168539325843,0.0,0.7537356654697307,0.06706969950275195,0.004498344591389445
1_GT,95,1.0,0.2512265956201532,0.0,0.2501862942621362,0.2839912280701752,0.6729198947862121,0.04079360443220204,0.001664118162570974
1_TA,96,1.0,0.3000725809605694,0.0,0.30307295331925826,0.3469387755102039,0.051208864011165665,0.09645706385794454,0.00930396516809559
1_TC,97,1.0,0.18590742607168628,0.0,0.18486162054017816,0.21428571428571427,0.46244556443903545,0.03136432842892207,0.0009837210977972893
1_TG,98,1.0,0.2716999405411245,0.0,0.27118869936034073,0.2517006802721087,0.5290813695346541,0.04905791428654955,0.0024066789541464426
1_TT,99,0.9999999999999999,0.21284064044161918,0.0,0.20781791192479043,0.21428571428571433,0.3993135794810341,0.07928808679452043,0.006286600707535406
2_AA,100,1.0,0.22619104382936805,0.0,0.22578264758497288,0.0,0.34817515296829166,0.07653442786240694,0.005857518648225972
2_AC,101,1.0,0.1918153822173336,0.0,0.1902367640989084,0.16810344827586213,0.44354499633876865,0.0314763077815169,0.0009907579515567816
2_AG,102,1.0,0.29459589791924873,0.0,0.2928342555807781,0.352120535714285,0.3912132101247712,0.05087143281493541,0.0025879026766444874
2_AT,103,1.0,0.24617314649790717,0.0,0.24593195266272164,0.2609890109890108,0.10507590885234262,0.07557611756202084,0.0057117495457483965
2_CA,104,1.0,0.20456863722216448,0.0,0.20280115298117524,0.2164261931187568,0.5575158108152577,0.03334344915542179,0.001111785601580198
2_CC,105,1.0,0.2250038351357221,0.0,0.20735765807821563,0.0,0.7664440082076364,0.09324166409549096,0.008694007923296368
2_CG,106,1.0,0.2557877230202296,0.0,0.24046296296296332,0.0,0.5763299422234063,0.09119532954838394,0.00831658813143835
2_CT,107,1.0,0.3268650614664816,0.0,0.3267268445839873,0.2831632653061222,0.30541349920557015,0.058402986955869325,0.003410908885367443
2_GA,108,1.0,0.2809788701877997,0.0,0.27892561983471054,0.32142857142857134,0.35647872215809356,0.04849114916313111,0.002351391547161031
2_GC,109,1.0,0.23161856662615,0.0,0.21393500116904252,0.1868131868131867,0.6762531219758694,0.08758707524179771,0.007671495749412332
2_GG,110,1.0,0.1778704245532728,0.0,0.1688311688311687,0.09515717926932879,0.8109754004133598,0.06265490803798021,0.003925637501247758
2_GT,111,1.0,0.2716720416174411,0.0,0.2714075245247769,0.28719723183391016,0.49986311267775624,0.045046887314370385,0.0020292220567135837
2_TA,112,1.0,0.21401229768395572,0.0,0.21375818939845162,0.22981366459627336,0.09448116018901968,0.06638457206254915,0.004406911407927781
2_TC,113,1.0,0.31671754385362183,0.0,0.31585365853658487,0.2774999999999997,0.41347010531286676,0.05684854232408948,0.003231756764373793
2_TG,114,1.0,0.2795002157004193,0.0,0.27940819791414095,0.2571428571428579,0.41718123762367626,0.04707044464183323,0.002215626758779886
2_TT,115,1.0,0.21375338732740617,0.0,0.20796398891966741,0.2249999999999999,0.4481773254489393,0.07718186854685306,0.005957040832383706
3_AA,116,1.0,0.20667572609026075,0.0,0.2070953548941767,0.0,0.2988621447812991,0.07608016554047797,0.005788191588666533
3_AC,117,0.9999999999999999,0.3064560956888417,0.0,0.3044209549494751,0.3194224683544379,0.2966043861084591,0.048177715285926535,0.0023210922501717994
3_AG,118,1.0,0.3079521538813473,0.0,0.3046113306982858,0.3574520717377845,0.5994490805645687,0.05396291628014679,0.002911996333458131
3_AT,119,1.0,0.3050231758028325,0.0,0.3071590909090907,0.331168831168831,0.047889627112625455,0.09918508351594874,0.009837680792065727
3_CA,120,1.0,0.22784118840099407,0.0,0.22608022608022316,0.27210884353741516,0.33031063236840624,0.03639538775417528,0.0013246242497767717
3_CC,121,1.0,0.15515661033077438,0.0,0.14420124399653547,0.0,0.7569252084359166,0.06357329581369096,0.004041563940615058
3_CG,122,0.9999999999999999,0.25781189425879125,0.0,0.24312333629103788,0.0,0.5589061316297881,0.09070422182948552,0.008227255857692517
3_CT,123,1.0,0.28475218328131663,0.0,0.2838190693978158,0.2564102564102564,0.6153708400310431,0.050631423499746774,0.0025635410456107096
3_GA,124,1.0,0.338104115310169,0.0,0.33391304347826095,0.38095238095238093,0.6494686045408086,0.06039835852380149,0.0036479617123696636
3_GC,125,1.0,0.23903387752176222,0.0,0.2243757802746568,0.0,0.6181844322490314,0.08464523071287114,0.007164815082435184
3_GG,126,1.0,0.21004257148922295,0.0,0.19975630188104312,0.0,0.7813915807332287,0.07302198750605328,0.0053322106593342005
3_GT,127,1.0,0.2802075214787268,0.0,0.27999999999999997,0.2823529411764707,0.397249132851583,0.044091239387660214,0.0019440373907399593
3_TA,128,1.0,0.2839911389946278,0.0,0.2874861572535987,0.3142857142857143,0.0131731105077232,0.09771408421874123,0.009548042254707253
3_TC,129,1.0,0.29956581721994885,0.0,0.2979148311306915,0.25158730158730214,0.5416004643862738,0.0551603946744241,0.0030426691406382346
3_TG,130,1.0,0.2691368033730264,0.0,0.268931119848551,0.256172839506173,0.33998180882007406,0.04180965347338517,0.001748047123564548
3_TT,131,1.0,0.21197855302015522,0.0,0.20603248259860732,0.22981366459627336,0.44852335180918534,0.08093743860379563,0.006550868967743187
4_AA,132,0.9999999999999999,0.21502252164016888,0.0,0.21539941277715818,0.0,0.28994323056058685,0.08038814983070627,0.00646225463320408
4_AC,133,1.0,0.21610919947261165,0.0,0.2146788990825689,0.25557011795543894,0.34151224258555973,0.03485961516084258,0.0012151927691620458
4_AG,134,1.0,0.30124462246693684,0.0,0.29786129568106273,0.3392857142857144,0.4946659043626418,0.05334331254363281,0.0028455089931276934
4_AT,135,1.0,0.2636551557254146,0.0,0.26546736355901296,0.293233082706767,0.0640235176780154,0.09201529976028687,0.008466815389975449
4_CA,136,1.0,0.20348959711788217,0.0,0.20194128352666457,0.24436090225563908,0.3685928043113135,0.0326740553844766,0.001067593895267844
4_CC,137,1.0,0.1873255559951704,0.0,0.17300131061598942,0.0,0.7622605832084877,0.07804467006504666,0.006090970525561989
4_CG,138,1.0,0.2728326151006692,0.0,0.25851806720719794,0.0,0.573221563945689,0.09104335905815458,0.008288893228592059
4_CT,139,1.0,0.3218243333395957,0.0,0.3202969603585924,0.2822033898305082,0.28126514080365705,0.05871912789582697,0.003447935980846485
4_GA,140,0.9999999999999999,0.26157087552697533,0.0,0.25830200501253336,0.30357142857142855,0.6268879596749614,0.04618648959651055,0.0021331918212485774
4_GC,141,1.0,0.2839834881848372,0.0,0.268502581755594,0.21440351841671246,0.5617363769374683,0.09805950089903183,0.009615665716567223
4_GG,142,1.0,0.17386854033408936,0.0,0.1645569620253164,0.19548872180451127,0.8052578109440118,0.0615008110016957,0.003782349753866295
4_GT,143,0.9999999999999999,0.25316152541483017,0.0,0.25321013412816656,0.30327868852458995,0.3639888114885605,0.038667882179500755,0.0014952051122477522
4_TA,144,1.0,0.2499887554375186,0.0,0.2522296258329064,0.2642857142857143,0.011421524887606201,0.07951376717591714,0.006322439170505959
4_TC,145,1.0,0.2862485967083744,0.0,0.2849002849002853,0.301659125188537,0.4339515100704945,0.05115791960692164,0.002617132738508258
4_TG,146,0.9999999999999999,0.2905584596981447,0.0,0.2909125410728371,0.2531390134529149,0.24491565720325315,0.04603895184057674,0.0021195850865789443
4_TT,147,1.0,0.21077383530088586,0.0,0.20487902235323038,0.0,0.42567503999462575,0.08176734313335049,0.0066858984030870785
5_AA,148,1.0,0.2126609577225968,0.0,0.21165087683934738,0.0,0.3938201171417845,0.07261182642123613,0.005272477336227726
5_AC,149,1.0,0.34790437380467554,0.0,0.3459463454290185,0.31000000000000005,0.1872588769932234,0.05646569565520453,0.003188374785826184
5_AG,150,1.0,0.33455304313231965,0.0,0.33249370277078083,0.3928571428571429,0.24982496484317301,0.05646142332632493,0.0031878923240344684
5_AT,151,1.0,0.3234240067411565,0.0,0.32298287028630135,0.3452380952380952,0.061681567669986975,0.0991194273355197,0.009824660875321372
5_CA,152,1.0,0.3632627649371164,0.0,0.3609924750864345,0.3073593073593073,0.19898880277662076,0.058029770927978924,0.0033674543139537083
5_CC,153,1.0,0.21030024137951578,0.0,0.19170714781402623,0.0,0.7812038600772492,0.09091680507895955,0.008265865445765526
5_CG,154,0.9999999999999999,0.28227484521322244,0.0,0.265712526931364,0.0,0.5543345896579824,0.09884318566438849,0.009769975352284773
5_CT,155,1.0,0.31744445024779844,0.0,0.316490193450387,0.28518518518518543,0.31523236411835265,0.0569322821737981,0.003241284753516969
5_GA,156,1.0,0.34663668143051735,0.0,0.34367322282125795,0.4034550355305029,0.36572928333546373,0.057193600157667654,0.0032711078989951614
5_GC,157,0.9999999999999999,0.29594261610130645,0.0,0.27839457220900493,0.0,0.584928315416736,0.10216618436621017,0.010437929227950445
5_GG,158,0.9999999999999999,0.18472361628820202,0.0,0.17398798932384357,0.18750000000000003,0.8065284972518505,0.06743312295118188,0.004547226070949212
5_GT,159,1.0,0.2630079258659921,0.0,0.2634146341463415,0.2823529411764707,0.29473060608830837,0.04227459049732972,0.0017871410017169201
5_TA,160,0.9999999999999999,0.3278461926499042,0.0,0.328308207705193,0.35000000000000003,0.05095685918197819,0.1014791743887423,0.01029802283462077
5_TC,161,1.0,0.3064236020938555,0.0,0.30568948891031933,0.2602627257799677,0.27345028116572356,0.05465291166087352,0.002986940753011245
5_TG,162,1.0,0.27151680033176906,0.0,0.2721088435374148,0.23809523809523808,0.22521010331432423,0.04344934030429037,0.0018878451728780313
5_TT,163,1.0,0.21320273018066596,0.0,0.20692714819427177,0.2249999999999999,0.45397143762143805,0.07799956442958544,0.006083932051205052
6_AA,164,1.0,0.20933327993199424,0.0,0.2089883165161966,0.0,0.31633934443596745,0.07799598923323553,0.006083374336470993
6_AC,165,1.0,0.20996450852689183,0.0,0.2089285714285712,0.2532467532467531,0.3265351582649068,0.03357631870136372,0.001127369177535547
6_AG,166,1.0,0.30597417110976965,0.0,0.3026695449590689,0.3498789346246959,0.4973764814832534,0.052926851428615494,0.002801251602146738
6_AT,167,1.0,0.28415225989543896,0.0,0.28675426136363635,0.3084415584415583,0.011259267538654595,0.09300867291146993,0.008650613236752801
6_CA,168,1.0,0.22286971290613505,0.0,0.22143404907975406,0.2678571428571426,0.27657862023933616,0.03540088806699247,0.00125322287593173
6_CC,169,1.0,0.23127144082837722,0.0,0.2133545675135867,0.0,0.749183456222119,0.09652558300136398,0.009317188173753205
6_CG,170,1.0,0.2490871408469052,0.0,0.23646183038972415,0.0,0.5201584340403552,0.08495142908227275,0.007216745303120418
6_CT,171,1.0,0.29914015897995216,0.0,0.2980480945263519,0.2506265664160401,0.29666802090784605,0.05246995187279409,0.002753095849533328
6_GA,172,1.0,0.31792406206605167,0.0,0.31423245614035095,0.3593750000000005,0.5535364978557444,0.05525276044786295,0.003052867537108929
6_GC,173,1.0,0.2686137253123123,0.0,0.25394083351328006,0.0,0.5865279743753564,0.09172310722606072,0.008413128399203433
6_GG,174,1.0,0.21035514991935764,0.0,0.19910565639794392,0.0,0.7314691391242042,0.07446467596202903,0.005544987966129984
6_GT,175,1.0,0.3100183588448485,0.0,0.31073039639120953,0.3174019607843136,0.17075878453825322,0.04821676830211539,0.002324856745499879
6_TA,176,1.0,0.2557575078659648,0.0,0.25893726777533244,0.27819548872180444,-0.015160450729228586,0.08512227819868465,0.007245802245734264
6_TC,177,0.9999999999999999,0.2986490393227769,0.0,0.2975830504988183,0.25170068027210846,0.2565736496647095,0.054779411335915726,0.0030007839063094523
6_TG,178,1.0,0.2673547619102188,0.0,0.26788064940763473,0.2720588235294116,0.3040372539875054,0.04124791400654,0.0017013904098909188
6_TT,179,1.0,0.22573515342516406,0.0,0.21963949421576529,0.0,0.43502966216555883,0.086605630287769,0.007500535197541733
7_AA,180,1.0,0.20498166743995283,0.0,0.20488573680063085,0.0,0.30517740903729235,0.07729369852911819,0.005974315832310208
7_AC,181,1.0,0.23798179454175186,0.0,0.236983842010772,0.28571428571428603,0.16795849376484165,0.03745319286362438,0.0014027416556798439
7_AG,182,1.0,0.3172042950378378,0.0,0.3142456187347964,0.35501066098080974,0.3828868819559126,0.05453705592316775,0.002974290468766727
7_AT,183,0.9999999999999999,0.31221607843693566,0.0,0.315304347826087,0.35000000000000003,0.011517179546000225,0.10716676390722257,0.011484715286346382
7_CA,184,1.0,0.3267942920673119,0.0,0.3246781403489484,0.3213077790304463,0.22293694996981578,0.05189529806625331,0.002693121961385274
7_CC,185,1.0,0.189690702117126,0.0,0.17542561065877108,0.0,0.7388159434889844,0.07817008042184465,0.0061105614731576585
7_CG,186,0.9999999999999999,0.25011339672245847,0.0,0.2360520904729274,0.0,0.592261064297852,0.08556758576328691,0.007321811733357461
7_CT,187,1.0,0.3204455051385746,0.0,0.3194822888283378,0.2658730158730158,0.20233029682914117,0.05801762230940801,0.0033660444984371183
7_GA,188,0.9999999999999999,0.33624547311667197,0.0,0.33276243746040235,0.3876592890677382,0.40041670973659466,0.0582043914903133,0.003387751188757655
7_GC,189,1.0,0.28301661389044486,0.0,0.26725403817914756,0.3333333333333332,0.5644303055857756,0.09906618819028475,0.009814109642552913
7_GG,190,1.0,0.22687063056515047,0.0,0.21489841986456015,0.25,0.7410261886755086,0.07913823002848677,0.006262859452041686
7_GT,191,0.9999999999999999,0.26131748987458536,0.0,0.2616180765486489,0.2626774847870181,0.22386051375004537,0.03974686495325169,0.0015798132736120276
7_TA,192,1.0,0.35523218834539777,0.0,0.3585896780786929,0.3834586466165411,-0.009566093766930715,0.11386436305665876,0.012965093174298595
7_TC,193,1.0,0.3044536754270646,0.0,0.3033060357901131,0.2574002574002574,0.3724567943688731,0.053877521049862175,0.0029027872744783415
7_TG,194,1.0,0.28954679950385115,0.0,0.2900685999376366,0.28240740740740744,0.18475679920838736,0.04554569045637032,0.002074409919147503
7_TT,195,1.0,0.2370971811588565,0.0,0.230463466930562,0.0,0.4263644893722851,0.09195868007233213,0.008456398840645533
8_AA,196,1.0,0.2328616756780171,0.0,0.23143066227588702,0.0,0.39645338347434184,0.08140471899035712,0.006626728273899009
8_AC,197,1.0,0.20175567477549333,0.0,0.20100214745883946,0.16883116883116872,0.1526716416694416,0.03238476828451767,0.0010487732168419012
8_AG,198,1.0,0.3223033351637151,0.0,0.3200668068786338,0.38196125907990247,0.29075944411691973,0.054850557112317525,0.0030085836155316066
8_AT,199,1.0,0.27391690556045406,0.0,0.2741652021089631,0.293233082706767,0.06593977814421667,0.08414461916336535,0.007080316934147793
8_CA,200,1.0,0.1957601950864181,0.0,0.19480252894326308,0.16290726817042603,0.21338315762039212,0.031038853906909244,0.0009634104518544553
8_CC,201,1.0,0.19987060142869917,0.0,0.18258186182067598,0.0,0.7678872406814456,0.08613966937129543,0.007420042639396091
8_CG,202,1.0,0.24914155786387007,0.0,0.23407643312101886,0.0,0.5578878993266903,0.08737547613331206,0.007634473829522987
8_CT,203,0.9999999999999999,0.2901990921421663,0.0,0.28998931243320286,0.25170068027210846,0.19683562769322732,0.05196840596819804,0.0027007152188754414
8_GA,204,0.9999999999999999,0.3275351675845654,0.0,0.32488986784141,0.38311688311688313,0.32394706163721937,0.05528020700893019,0.003055901286950174
8_GC,205,0.9999999999999999,0.22746164201168279,0.0,0.21397379912663783,0.0,0.5623173461871254,0.07925304084863373,0.006281044483755206
8_GG,206,1.0,0.19334399633676436,0.0,0.18239436619718338,0.20000000000000007,0.8399780174440651,0.07036886619756647,0.004951777329931012
8_GT,207,1.0,0.2879558978013782,0.0,0.28925355213127923,0.2605263157894745,0.20579093146885633,0.047001058162393194,0.0022090994683846682
8_TA,208,1.0,0.26366610458310763,0.0,0.26388888888888845,0.28273809523809507,0.06483173424668409,0.08065268813599365,0.00650485610356185
8_TC,209,1.0,0.29823637808896086,0.0,0.29769798107725504,0.25576036866359414,0.38594791852601207,0.05400770448233593,0.002916832143451329
8_TG,210,1.0,0.29308693886520465,0.0,0.2946080631066811,0.2559793148028449,0.028208312672328727,0.04914909413214427,0.0024156334540103787
8_TT,211,1.0,0.2352080858373272,0.0,0.22824506749740286,0.0,0.4540680135021529,0.08498194020067484,0.007221930160271075
9_AA,212,1.0,0.2031456879081866,0.0,0.20292584163077113,0.0,0.31358752734068096,0.07610325598570547,0.0057917055716258155
9_AC,213,1.0,0.32356122155884226,0.0,0.32206775117605885,0.3223981900452555,0.15385294098830243,0.0505608157778912,0.0025563960921258515
9_AG,214,1.0,0.3290138807075295,0.0,0.32615442490360086,0.3805134957208675,0.3607838401163873,0.05731265921626708,0.003284740906439964
9_AT,215,1.0,0.30743769627451084,0.0,0.310370788631658,0.331168831168831,-0.015395200678345676,0.09921338354725781,0.009843295474895286
9_CA,216,1.0,0.24069875251365824,0.0,0.23935430002783079,0.28571428571428603,0.23115131019427995,0.038144741996656066,0.0014550213419914568
9_CC,217,1.0,0.23162860936744656,0.0,0.21424070573409068,0.0,0.7322600615766217,0.09630530323255122,0.00927471143071364
9_CG,218,1.0,0.3139114417523547,0.0,0.29714285714285665,0.0,0.5187349963426485,0.10929249269823933,0.011944848960194699
9_CT,219,1.0,0.27461154177702185,0.0,0.274117683705572,0.23228803716608593,0.22658621208398347,0.048712399962963955,0.002372897910151771
9_GA,220,1.0,0.3690537557316646,0.0,0.36527153234174653,0.4188861985472153,0.46737892277710397,0.06446705575461889,0.00415600127766914
9_GC,221,1.0,0.298600456512871,0.0,0.2823529411764701,0.0,0.5650734000183317,0.10185895572671896,0.010375246861737695
9_GG,222,1.0,0.2089436858685062,0.0,0.1978260869565219,0.0,0.752902451076462,0.07364271242654112,0.005423249093538233
9_GT,223,1.0,0.3207914169720259,0.0,0.3214269161246452,0.28076923076923077,0.13143512666404225,0.04962693323595488,0.0024628325024059227
9_TA,224,1.0,0.2884844289370887,0.0,0.29211142931528206,0.31677018633540355,-0.019756072519986064,0.09677271094180685,0.009364957583026504
9_TC,225,1.0,0.32092248896000547,0.0,0.3198246555734481,0.28518518518518543,0.3227788533099489,0.05823422484649182,0.0033912249434717655
9_TG,226,1.0,0.2840724381575114,0.0,0.2849080517492886,0.2874583795782462,0.014362576423924406,0.04374782122738582,0.0019138718621433094
9_TT,227,1.0,0.2358736526562615,0.0,0.22916666666666644,0.0,0.4402605261891815,0.09153212137917625,0.008378129244172253
10_AA,228,1.0,0.22434166314368997,0.0,0.22402597402597357,0.0,0.3053544248388008,0.0849250253823612,0.007212259936194695
10_AC,229,1.0,0.22554111871034072,0.0,0.2247731646961769,0.18749999999999983,0.10464815645529883,0.035449564290596515,0.0012566716083931356
10_AG,230,1.0,0.31425218020237794,0.0,0.31144474526212124,0.35924369747899176,0.3136923328220534,0.05750213495393841,0.003306495524260946
10_AT,231,1.0,0.3157834617090132,0.0,0.31977333164493127,0.3482142857142858,-0.01069537136327374,0.10757105183322113,0.011571531192505547
10_CA,232,1.0,0.2077876936378141,0.0,0.20676938668268163,0.24872448979591832,0.15400996675568568,0.032898963504468984,0.0010823417996683822
10_CC,233,1.0,0.23220099390407803,0.0,0.21406503254774484,0.0,0.7733876454595892,0.09657868603548944,0.009327442596341643
10_CG,234,0.9999999999999999,0.28143107500790143,0.0,0.2675239872068231,0.0,0.5169811275302556,0.09498600879273036,0.00902234186637265
10_CT,235,1.0,0.28707739010369326,0.0,0.28651685393258414,0.255,0.1240659740206818,0.05281241902670235,0.002789151603451992
10_GA,236,1.0,0.33135793658111484,0.0,0.32783630872197583,0.3787680209698543,0.5412081292324763,0.05739631413601215,0.0032943368763997884
10_GC,237,0.9999999999999999,0.2676007718677619,0.0,0.2522342270241437,0.0,0.5338753463140475,0.093635657233229,0.008767636305498752
10_GG,238,1.0,0.24213320513978853,0.0,0.22911857741301156,0.0,0.737836120451505,0.08526079022822618,0.007269402350341589
10_GT,239,0.9999999999999999,0.2770011509910385,0.0,0.27774798927614036,0.27700534759358264,0.11902448503480992,0.04246252534618955,0.00180306605877579
10_TA,240,1.0,0.2740817202602789,0.0,0.2768794666027863,0.2950310559006209,-0.014748910234398178,0.08821577157502762,0.007782022354577452
10_TC,241,1.0,0.28180632730665583,0.0,0.2811244979919674,0.23809523809523808,0.31090977306702755,0.04928585604331265,0.002429095605922138
10_TG,242,1.0,0.3097830362736981,0.0,0.31054184900338333,0.32085561497326215,0.09706296228163053,0.04966552053192135,0.0024666639297067014
10_TT,243,1.0,0.24486298152170521,0.0,0.2380070071418946,0.0,0.4208548191662207,0.09470585059165297,0.008969198136288496
11_AA,244,1.0,0.2185801216243737,0.0,0.21737470604404038,0.0,0.35604541946562734,0.07513184401321275,0.0056447939848257335
11_AC,245,1.0,0.39402894371374186,0.0,0.3922601339728433,0.329844758416188,0.14071384829406006,0.06224600099222666,0.003874564639524282
11_AG,246,1.0,0.3271879483826155,0.0,0.3260843153930306,0.32352941176470607,0.12354172102812978,0.05661808221474818,0.003205607233675984
11_AT,247,1.0,0.3595417870566238,0.0,0.3608417286507861,0.3846153846153847,0.023534192436368315,0.11117235078509935,0.01235929157908518
11_CA,248,1.0,0.39352083309907276,0.0,0.3918367346938786,0.3265306122448979,0.032767542939130916,0.0623237614611574,0.0038842512426672487
11_CC,249,1.0,0.21699821810133632,0.0,0.19788972089857843,0.0,0.7757026448040164,0.0933075483056677,0.008706298570814513
11_CG,250,1.0,0.294939041900849,0.0,0.27745664739884346,0.0,0.5463289221626132,0.10376400589124657,0.010766968918598654
11_CT,251,1.0,0.2777060063686396,0.0,0.2783199850996443,0.255,0.08959607975797318,0.050248240546126755,0.002524885677981417
11_GA,252,1.0,0.32682484771168424,0.0,0.3246889521810824,0.31932773109243706,0.2759984328233578,0.056933109419325584,0.0032413789481528996
11_GC,253,1.0,0.3084490213231613,0.0,0.2893964110929901,0.0,0.5494951192872378,0.10933051506526739,0.01195316152443666
11_GG,254,1.0,0.2024340755379585,0.0,0.19118422440156096,0.0,0.7861250623417781,0.07242903715860556,0.0052459654237226655
11_GT,255,1.0,0.30236642777466316,0.0,0.3033609434640526,0.2740291262135923,0.03056697858724702,0.0498875466386591,0.002488767309624387
11_TA,256,1.0,0.33365237641575024,0.0,0.33415841584158373,0.35714285714285715,0.0438792365840609,0.10239275569957396,0.010484276419752634
11_TC,257,1.0,0.34042845528975096,0.0,0.34124526546614425,0.31386138613861425,0.1190445925659245,0.06177004542107765,0.0038155385113219954
11_TG,258,1.0,0.316126100480471,0.0,0.31747560349255394,0.2875,-0.0003641079656179073,0.052049654091937084,0.002709166491090303
11_TT,259,1.0,0.22755269435063052,0.0,0.22087361469537892,0.0,0.4480764490666757,0.08171833869491069,0.006677886879056137
12_AA,260,0.9999999999999999,0.22615200222418447,0.0,0.22624010492294694,0.0,0.2943979128645974,0.08457697782645596,0.007153265178256823
12_AC,261,1.0,0.20919081154236935,0.0,0.2084539664157495,0.2085561497326202,0.10183940542013928,0.0334441856223739,0.001118513551943801
12_AG,262,1.0,0.33657760637766887,0.0,0.3341597764812445,0.3894878706199445,0.23793393713935765,0.059182614890175386,0.003502581905238809
12_AT,263,0.9999999999999999,0.29910038764680164,0.0,0.3015873015873014,0.3231292517006801,0.009088821362362151,0.09794865540653622,0.009593939095948377
12_CA,264,1.0,0.23114147899144283,0.0,0.23009716050312534,0.2731092436974787,0.15894095341960576,0.03637700494695573,0.0013232864889108414
12_CC,265,1.0,0.22657257001043357,0.0,0.20925205361003008,0.0,0.7445764455632614,0.0935856480501804,0.008758273520972235
12_CG,266,0.9999999999999999,0.25349648200774977,0.0,0.23959731543624158,0.0,0.518897077534321,0.08864706506899671,0.007858302145346935
12_CT,267,1.0,0.3003486605802802,0.0,0.3001987074898151,0.19957793186614414,0.1821693671933306,0.0531668137412487,0.002826710083396632
12_GA,268,1.0,0.34697358282682045,0.0,0.34415584415584416,0.3928571428571432,0.33309977215232295,0.061260288048268385,0.003752822891756814
12_GC,269,0.9999999999999999,0.30277665620290173,0.0,0.28546403671653336,0.0,0.5714175097848652,0.10415557456461623,0.01084838371288533
12_GG,270,1.0,0.2047926592393385,0.0,0.19412401353405911,0.0,0.7155452475117862,0.0713678831195931,0.005093374740971903
12_GT,271,1.0,0.3061888554031007,0.0,0.30680462703542394,0.2677966101694916,0.12947528422950563,0.047903750723331334,0.002294769333363067
12_TA,272,1.0,0.27439668288703933,0.0,0.277027027027027,0.3035714285714285,0.016880645757881292,0.09414564900975791,0.008863403227468532
12_TC,273,1.0,0.29883631842974967,0.0,0.2976299460889021,0.26551724137931054,0.3702055284739137,0.05612053773374181,0.0031495147555243384
12_TG,274,0.9999999999999999,0.26368900144705837,0.0,0.264830673111293,0.2665832290362956,0.037794054764866684,0.04126991103609745,0.001703205556927398
12_TT,275,1.0,0.25695614302593994,0.0,0.24998918282752303,0.0,0.39948124029642257,0.09876984185068721,0.009755481659209763
13_AA,276,1.0,0.20687934398181215,0.0,0.20676602328268645,0.0,0.29168778941518264,0.07756974689365216,0.00601706563314526
13_AC,277,1.0,0.24600864602018008,0.0,0.24523226791383052,0.29556650246305444,0.05283948930933024,0.03875425030080219,0.001501891916377227
13_AG,278,1.0,0.3416573820637327,0.0,0.3394463667820062,0.3892857142857136,0.2126408354272899,0.060113882614710165,0.0036136788830151527
13_AT,279,1.0,0.3471178069071479,0.0,0.35078927587070935,0.3846153846153847,-0.003748611307808351,0.11983472191354345,0.014360360576096293
13_CA,280,1.0,0.27808254762906376,0.0,0.2766759081538345,0.3333333333333333,0.11019830419973886,0.04409398669922659,0.0019442796630315714
13_CC,281,0.9999999999999999,0.2292821240296586,0.0,0.2120132545064493,0.0,0.7373933696594399,0.094780957249685,0.008983429857166613
13_CG,282,0.9999999999999999,0.2549452666047585,0.0,0.2409836065573772,0.0,0.5532806408331096,0.0869054899697907,0.007552564186889391
13_CT,283,1.0,0.3359833129261984,0.0,0.3356077312232453,0.34841628959276044,0.0704717575098793,0.06168972267824929,0.0038056218841193055
13_GA,284,1.0,0.3205936564749906,0.0,0.3180369944721273,0.3686251118401439,0.34840870527241496,0.05531089070556699,0.0030592946306431763
13_GC,285,1.0,0.2832188316826054,0.0,0.2670493975143526,0.0,0.5346086770932884,0.09929861770445779,0.00986021547801606
13_GG,286,1.0,0.23336402683809163,0.0,0.2212502042372427,0.0,0.7137386985842549,0.08124922669031763,0.006601436837774624
13_GT,287,1.0,0.28481971832047687,0.0,0.28553015037718993,0.2874583795782462,0.08512061032471384,0.04344028390374836,0.0018870582656382586
13_TA,288,1.0,0.3351164136165335,0.0,0.3383121273587801,0.3613445378151261,-0.010116562968265725,0.10917433911619061,0.011919036321456985
13_TC,289,1.0,0.3105233689405062,0.0,0.3105687980829855,0.26455026455026454,0.20669130441637926,0.05560924629133766,0.003092388273090652
13_TG,290,1.0,0.3340056306479808,0.0,0.33566190415981817,0.28030303030303017,-0.08726385812255863,0.05209750835565571,0.0027141503768676164
13_TT,291,1.0,0.24384361547441316,0.0,0.23659365416638414,0.0,0.42161957942312034,0.09471301651646213,0.008970555497647628
14_AA,292,1.0,0.23524245367205668,0.0,0.2343104059214911,0.0,0.33507071567358704,0.08188021854278713,0.00670437018861458
14_AC,293,1.0,0.20780669902567508,0.0,0.2073799548823719,0.21440351841671237,0.0949201408836688,0.033242396282584886,0.0011050569106084134
14_AG,294,1.0,0.3327765970644857,0.0,0.33111792969480675,0.32559339525283754,0.07647252090920216,0.05874397458020744,0.0034508545494800584
14_AT,295,1.0,0.3473448398959731,0.0,0.3476968796433881,0.3714285714285715,0.04109963111387358,0.1078903589227011,0.01164032954846927
14_CA,296,1.0,0.21459250836370944,0.0,0.21364493026762188,0.21848739495798308,0.08526247510238559,0.03429972877651947,0.001176471394142798
14_CC,297,1.0,0.21611336541471834,0.0,0.19682516210600992,0.0,0.7940508955920802,0.09308334827334841,0.008664509725777475
14_CG,298,0.9999999999999999,0.3019651497705878,0.0,0.28289178266726545,0.0,0.5447885692832065,0.10801047609610279,0.011666262946506792
14_CT,299,1.0,0.31106625853729364,0.0,0.3111361433473922,0.2822033898305082,0.10201686441492522,0.05712039235244247,0.0032627392224969685
14_GA,300,1.0,0.35214717302577625,0.0,0.35035817067067065,0.41732804232804177,0.1917217644433136,0.06008898435718707,0.0036106860410782724
14_GC,301,1.0,0.25741407104018044,0.0,0.24215246636771295,0.0,0.5281794183989753,0.09113150865151318,0.008304951869100822
14_GG,302,1.0,0.20091924515728105,0.0,0.18974063220899054,0.0,0.7752251037753394,0.07169555469650431,0.00514025256323944
14_GT,303,1.0,0.3035076697698374,0.0,0.3047117464497333,0.3220384928164824,0.06655062827626206,0.04844570641902575,0.0023469864704384327
14_TA,304,1.0,0.26653717093136864,0.0,0.26722925457102675,0.28273809523809507,0.031909694846532125,0.08254130133150452,0.006813066425498229
14_TC,305,1.0,0.31215522660302947,0.0,0.3123310344827585,0.2870689655172411,0.09910428687351434,0.056501381955887435,0.003192406162925082
14_TG,306,1.0,0.30542846966729986,0.0,0.3069767441860481,0.27757009345794464,-0.09716390371602435,0.049687821908654235,0.0024688796460261395
14_TT,307,1.0,0.2639415158268147,0.0,0.25636612383600355,0.0,0.40576547934467316,0.09682303740067298,0.009374700571492119
15_AA,308,0.9999999999999999,0.20910291259956668,0.0,0.2088353413654623,0.0,0.28865770675059566,0.07868509828602792,0.006191344692281873
15_AC,309,1.0,0.3388971610058383,0.0,0.3380537199573283,0.2880499405469731,-0.025512718106517552,0.05422722940482782,0.002940592408923823
15_AG,310,1.0,0.3472827621977655,0.0,0.3450184501845007,0.4047619047619032,0.2071354002567024,0.060392371743253556,0.003647238564775331
15_AT,311,1.0,0.3062975663599031,0.0,0.3090909090909089,0.0,-0.0033287456740661073,0.10065647717143457,0.010131726396563527
15_CA,312,1.0,0.24050303851932325,0.0,0.23938223938223988,0.28571428571428603,0.1727577762942867,0.038191690712018195,0.0014586052394424567
15_CC,313,1.0,0.241082290827429,0.0,0.2224013016124876,0.0,0.7428465995063184,0.10036266805626248,0.01007266513937153
15_CG,314,1.0,0.26712509898206205,0.0,0.25236452653833313,0.0,0.513996872374029,0.09301762693991839,0.008652278921533831
15_CT,315,1.0,0.2952633231873827,0.0,0.2951976384188928,0.0,0.11531040663748988,0.05339018051498793,0.0028505113754229965
15_GA,316,1.0,0.34410698909319665,0.0,0.3411942755931045,0.3921832884097038,0.2948720230362717,0.05976025815473999,0.003571288454721167
15_GC,317,1.0,0.3020465917860849,0.0,0.28599060513954144,0.0,0.5391654780798603,0.10257451524996133,0.01052153117876455
15_GG,318,1.0,0.22378706691303565,0.0,0.21218209347140193,0.0,0.7034783991668331,0.07796568647544505,0.006078648267587396
15_GT,319,1.0,0.31516986259280816,0.0,0.31641133562804336,0.27553191489361684,0.006184423483865471,0.04858657506557441,0.0023606552766026966
15_TA,320,1.0,0.31548852533431077,0.0,0.318949343339587,0.0,-0.01845281526023425,0.10733551741369284,0.011520913298465158
15_TC,321,1.0,0.3184240685940172,0.0,0.3177477661823889,0.28518518518518543,0.20227069605064013,0.05932033349111658,0.003518901965497287
15_TG,322,1.0,0.2999851758979399,0.0,0.3017139031466168,0.30470588235294105,-0.25666800024191877,0.04641250577548749,0.00215412069235966
15_TT,323,1.0,0.24621831620096074,0.0,0.23919740168421713,0.0,0.4105834088099926,0.09578289929479807,0.009174363797317429
16_AA,324,1.0,0.22515992163152718,0.0,0.22455755324836216,0.0,0.2927374772028522,0.08547107450012782,0.007305304576206401
16_AC,325,1.0,0.21854120298680166,0.0,0.21812565282129875,0.17520215633423164,0.006670663959981639,0.03490173569640638,0.0012181311546218072
16_AG,326,1.0,0.34091193048112334,0.0,0.33892187499999943,0.3892857142857136,0.1714914604887833,0.06050797906520002,0.003661215530554684
16_AT,327,1.0,0.3140906007180837,0.0,0.3177703052250385,0.3482142857142858,-0.022285968918386266,0.10793955470616878,0.011650947470166003
16_CA,328,1.0,0.22452065369967367,0.0,0.22409228441754858,0.0,-0.09971147466596446,0.03572023904251008,0.0012759354772540613
16_CC,329,1.0,0.24440446298993249,0.0,0.2247619950746726,0.0,0.7593979517604852,0.10161439426658643,0.010325485122165273
16_CG,330,1.0,0.2808246688764828,0.0,0.26574988246356546,0.0,0.5390707935525454,0.09537848600743203,0.009097055593069905
16_CT,331,1.0,0.3196936637354341,0.0,0.31920903954802216,0.2822033898305082,0.06666878044796357,0.058478014611493455,0.003419678192902042
16_GA,332,0.9999999999999999,0.3107726333685736,0.0,0.30846932818964,0.3588850174216035,0.3225010480008194,0.054650033835738084,0.002986626198247317
16_GC,333,0.9999999999999999,0.31781883502738506,0.0,0.3008241758241762,0.0,0.4859326073276178,0.11085089010469146,0.012287919837002382
16_GG,334,0.9999999999999999,0.22032925097831116,0.0,0.20863912513537172,0.0,0.7341121506439817,0.07711704451692236,0.005947038555024985
16_GT,335,0.9999999999999999,0.27011111957398454,0.0,0.27123233535563335,0.2723785166240411,0.0004159672723872338,0.04144685615810356,0.0017178418853905273
16_TA,336,1.0,0.2742151708574118,0.0,0.27726677751441614,0.0,-0.03357951301481954,0.08901745979361332,0.007924108148107565
16_TC,337,1.0,0.28484688847710427,0.0,0.2849002849002851,0.2564102564102564,0.1895055065084304,0.05152426110700887,0.0026547494826232266
16_TG,338,0.9999999999999999,0.32682326758735875,0.0,0.3290567749985822,0.2877777777777776,-0.36058899508597464,0.05252862535194728,0.0027592564813652388
16_TT,339,0.9999999999999999,0.255536889152662,0.0,0.248109771558977,0.0,0.4016036634654792,0.099128026505392,0.0098263656388537
17_AA,340,1.0,0.21323764697908798,0.0,0.21205780099191043,0.0,0.34001646188753337,0.0747390637611488,0.005585927651893067
17_AC,341,1.0,0.39164267109044465,0.0,0.39056603773584964,0.3285714285714285,-0.00215524657160712,0.06211511354481213,0.0038582873306849037
17_AG,342,1.0,0.310727844258549,0.0,0.3103844973923678,0.3701298701298702,-0.05239458756749062,0.053644801394957795,0.002877764716704466
17_AT,343,1.0,0.3425378499310541,0.0,0.3428756967368368,0.3697478991596638,0.03865645479092724,0.10703461348357164,0.011456408483577577
17_CA,344,1.0,0.38151627311271724,0.0,0.38068709377901544,0.0,-0.014872520933446678,0.06059726906205258,0.0036720290177787948
17_CC,345,1.0,0.19534212125650707,0.0,0.17774971755167163,0.0,0.7805600948036968,0.08438947432993,0.007121583377681914
17_CG,346,1.0,0.33678166541159504,0.0,0.31580037274798034,0.0,0.5237767505244534,0.1196894210554679,0.014325557512593083
17_CT,347,1.0,0.32256884362688165,0.0,0.32276342016870485,0.2770097286226319,0.009126993681716414,0.05839842947629337,0.00341037656529761
17_GA,348,1.0,0.36450931850910867,0.0,0.36255353523037154,0.431711145996861,0.11532073044039486,0.06219417521722558,0.0038681154309509564
17_GC,349,1.0,0.29613785827875494,0.0,0.27781996611951626,0.0,0.5348262106220616,0.10466708520588915,0.01095519872549686
17_GG,350,1.0,0.2085301049732963,0.0,0.1968545807119107,0.0,0.8189041492753975,0.0752706408292197,0.0056656693708413974
17_GT,351,1.0,0.3230209995756931,0.0,0.32433387263677577,0.29248704663212444,-0.019901453286955122,0.05158343021824266,0.00266085027308031
17_TA,352,1.0,0.38465145930239664,0.0,0.3856953211101102,0.0,0.030541385123619962,0.1184170277170034,0.014022592453329551
17_TC,353,1.0,0.34891002380468344,0.0,0.3503981797497151,0.0,-0.15187073611161148,0.06415172400768673,0.00411544369315841
17_TG,354,1.0,0.3017793764746481,0.0,0.3035059204023304,0.2635387488328665,-0.13151830137185105,0.04917675305204668,0.0024183530407419825
17_TT,355,1.0,0.22225278832578038,0.0,0.21558671213843475,0.0,0.40521105153386244,0.08194613981501117,0.006715169830581359
18_AA,356,1.0,0.22941911589038783,0.0,0.22900690791558403,0.0,0.29848389807336817,0.08669317684453648,0.0075157069113980755
18_AC,357,1.0,0.22043022788770228,0.0,0.22006070640176661,0.18749999999999983,-0.053741588882629206,0.03545240121059554,0.0012568727515970364
18_AG,358,1.0,0.3347332352272076,0.0,0.33304711332052583,0.3894878706199445,0.11763742842531782,0.059678314405927024,0.003561501210332677
18_AT,359,1.0,0.33370339551555145,0.0,0.3365482233502538,0.0,-0.018534941943142865,0.10972443058721008,0.012039450667687484
18_CA,360,1.0,0.22237383947591907,0.0,0.2220032840722496,0.0,-0.0774761264776867,0.03532865991761183,0.001248114211574273
18_CC,361,1.0,0.24038690640151789,0.0,0.22158720533616363,0.0,0.7534418485257423,0.10060895462139015,0.010122161750008941
18_CG,362,1.0,0.3070826501717611,0.0,0.29036947304663807,0.0,0.49558922513784603,0.10676825516289123,0.01139946031052825
18_CT,363,1.0,0.30510597790937244,0.0,0.30470433770158706,0.0,0.10761376990672004,0.05493520830434743,0.0030178771114420426
18_GA,364,1.0,0.36540588496705306,0.0,0.3628880087482329,0.4134993446920048,0.23879294621746797,0.06358826362897257,0.004043467271347717
18_GC,365,1.0,0.32368887656449785,0.0,0.30594094628246293,0.0,0.5484206715696369,0.10994545394565867,0.012088002843316951
18_GG,366,1.0,0.22867721134274668,0.0,0.21665438467207074,0.0,0.7054864145368341,0.08052183723759124,0.006483766272117135
18_GT,367,1.0,0.3032266118441217,0.0,0.3045928430543817,0.2527472527472527,-0.053869873593991584,0.046966391594384226,0.002205841939397045
18_TA,368,1.0,0.25570497825176786,0.0,0.2584975069925824,0.0,-0.016534770103826247,0.08744786565992801,0.0076471292084768164
18_TC,369,1.0,0.3276532176899192,0.0,0.32779233150750103,0.2781954887218042,0.03840649037466062,0.06115250986970855,0.0037396294633648018
18_TG,370,0.9999999999999999,0.28496448112013345,0.0,0.28688875866954655,0.23588039867109642,-0.24390484739456197,0.04459537256480943,0.001988747254194158
18_TT,371,1.0,0.24116117375089666,0.0,0.23411386050906502,0.0,0.3941866870139738,0.09361528755201204,0.0087638220634459
19_AA,372,1.0,0.2136531458677347,0.0,0.21297361358011818,0.0,0.3050154850269746,0.08126273859638729,0.006603632684184772
19_AC,373,1.0,0.2538549928302561,0.0,0.2536602269773882,0.30612244897959207,-0.12308891527130153,0.04025290025897504,0.0016202959792589928
19_AG,374,1.0,0.3180401575440096,0.0,0.31611030478954977,0.36263736263736257,0.1745395653201593,0.05693630399227617,0.003241742712300884
19_AT,375,1.0,0.3352435686514396,0.0,0.33851410934744425,0.0,-0.005653212521738293,0.11610191226837357,0.013479654032373114
19_CA,376,1.0,0.3559306294859558,0.0,0.35517993032444506,0.3518518518518576,-0.16205260276254918,0.05612315609164334,0.0031498086496869627
19_CC,377,1.0,0.236793750545448,0.0,0.21785637331855884,0.0,0.7535868846070813,0.09944288747456369,0.009888887869278735
19_CG,378,1.0,0.30614081499579265,0.0,0.2898137590269861,0.0,0.5226367035530912,0.1043463715942483,0.010888165264884949
19_CT,379,1.0,0.3216122873740293,0.0,0.3217868635245135,0.2698412698412698,-0.024367024100875604,0.05857579772126163,0.0034311240786821596
19_GA,380,1.0,0.33379562958192094,0.0,0.33192092505273507,0.3858477970627488,0.20975409624967087,0.05825278213026785,0.0033933866259164528
19_GC,381,0.9999999999999999,0.3142816215580943,0.0,0.29743458183683585,0.0,0.4807093022953327,0.10971245575847535,0.012036822948555412
19_GG,382,1.0,0.2064325291130523,0.0,0.19523442397342705,0.0,0.6992296799266573,0.07306779283265229,0.0053389023494353925
19_GT,383,1.0,0.28526260370968065,0.0,0.2863913237260461,0.2874583795782462,-0.1023318028426907,0.04349687166110884,0.0018919778443029732
19_TA,384,1.0,0.3702013929054628,0.0,0.3745222929936307,0.0,-0.04472460393262735,0.11983093324156528,0.014359452561544474
19_TC,385,1.0,0.29419445390279,0.0,0.2946888941583883,0.25287356321839094,0.03365444185969071,0.05250963521167365,0.002757261790063037
19_TG,386,1.0,0.3385964225155088,0.0,0.3414544112218529,0.0,-0.43209823609359654,0.054690240065398125,0.0029910223584108785
19_TT,387,0.9999999999999999,0.2508252778339538,0.0,0.24362623762376184,0.0,0.3988511145966459,0.0968863912253816,0.009386972804677702
20_AA,388,1.0,0.24109329795254975,0.0,0.23950992033093188,0.0,0.35432918126612034,0.08477294437272247,0.007186452097620698
20_AC,389,1.0,0.2152841249793756,0.0,0.21521832703620422,0.18030513176144225,-0.12280567206447329,0.0348957977499119,0.0012177167006027566
20_AG,390,1.0,0.3647930100857889,0.0,0.3643669456894726,0.3061797752808992,-0.04824416070713249,0.06295859464535973,0.003963784639718719
20_AT,391,1.0,0.3192950134595887,0.0,0.31940172254691,0.0,0.030759906505780202,0.10116620309013054,0.010234600647673538
20_CA,392,1.0,0.21792873531815546,0.0,0.21751321718902802,0.0,-0.034863378827401155,0.0347532898639413,0.0012077911563671254
20_CC,393,1.0,0.21789643151531343,0.0,0.19812769999285537,0.0,0.7773285246948716,0.09442529034273967,0.008916135456310686
20_CG,394,0.9999999999999999,0.28710288308932413,0.0,0.27010905364854054,0.0,0.5154133250481064,0.1019948487162946,0.010402949164659824
20_CT,395,1.0,0.3208576068851769,0.0,0.3220711625611348,0.0,-0.13937696332632135,0.0588805648549526,0.003466920917638279
20_GA,396,1.0,0.3624325704527228,0.0,0.3613202084539658,0.4285714285714286,-0.0015359076929184162,0.06199683445078292,0.0038436074819177836
20_GC,397,1.0,0.2855563899963357,0.0,0.26805528518590566,0.0,0.5325071365893251,0.10138056370585938,0.010278018697317811
20_GG,398,1.0,0.2132425316565185,0.0,0.2012776606954689,0.0,0.7558314162043845,0.07685605916276972,0.00590685383003116
20_GT,399,1.0,0.306484695159163,0.0,0.30832121448586547,0.32620320855614976,-0.142769917740693,0.04985101191430333,0.002485123388880012
20_TA,400,1.0,0.2620630636275923,0.0,0.26304376834801146,0.0,0.01844688576048665,0.08192503919460925,0.006711712047038261
20_TC,401,1.0,0.29770907572559663,0.0,0.29876543209876555,0.2750000000000002,-0.02670352342743883,0.05525690029036174,0.003053325029698979
20_TG,402,1.0,0.3027848937103534,0.0,0.3054600992745319,0.3267973856209151,-0.3200800816653562,0.050519992484649834,0.0025522696406490757
20_TT,403,0.9999999999999999,0.2725378550315033,0.0,0.2650716037578993,0.0,0.39713168395003173,0.09843216561868334,0.009688891228383907
21_AA,404,1.0,0.21113166512258977,0.0,0.21090739061437247,0.0,0.2827606844663736,0.07977751606042043,0.006364452068770639
21_AC,405,1.0,0.28631368952821684,0.0,0.2863134048715691,0.2875882946518743,-0.19820308573143167,0.045990360970220204,0.002115113302171154
21_AG,406,1.0,0.31249527643496683,0.0,0.310691534269705,0.0,0.11960356844151067,0.05615006895332406,0.0031528302434630467
21_AT,407,1.0,0.3324293217772522,0.0,0.3355085865257611,0.0,-0.027508519295576284,0.10938541949438946,0.011965169997963557
21_CA,408,1.0,0.2573521025046573,0.0,0.2567824607067782,0.0,-0.13319270356014667,0.04100416552172429,0.0016813415901329632
21_CC,409,0.9999999999999999,0.23752454920403634,0.0,0.2188661094232395,0.0,0.7460794251290472,0.0997499608325994,0.009950054686105115
21_CG,410,0.9999999999999999,0.29503625376088993,0.0,0.27902777777777726,0.0,0.4944068854177171,0.10389684474232695,0.010794554347411191
21_CT,411,1.0,0.3206145386611499,0.0,0.32128514056224927,0.0,-0.07075999061583191,0.05732654799112742,0.0032863331045790353
21_GA,412,1.0,0.3521447184125863,0.0,0.3498904635698929,0.3985811028700427,0.1895697589956935,0.06234951042070051,0.003887461449701042
21_GC,413,1.0,0.2940435007800085,0.0,0.277882500785422,0.0,0.5454801958523661,0.10028116398965398,0.010056311851119873
21_GG,414,1.0,0.24710792674668058,0.0,0.2343276446817733,0.0,0.6779264163374445,0.08679178713198568,0.007532814313563916
21_GT,415,1.0,0.33496954574447785,0.0,0.33678199909542933,0.28030303030303017,-0.23632660038774914,0.052329229625347216,0.002738348273182317
21_TA,416,1.0,0.34391517182730097,0.0,0.34745478098162264,0.0,-0.012288085427076068,0.11846066953994917,0.014032930227853041
21_TC,417,1.0,0.3246723593765086,0.0,0.3254354946469612,0.0,-0.11699903462954526,0.060829893138963566,0.003700275899297727
21_TG,418,1.0,0.2972955918195519,0.0,0.30002670672675597,0.25899999999999984,-0.47362979086981705,0.04697220046408448,0.002206387616438138
21_TT,419,1.0,0.25842790606820437,0.0,0.25142657505531596,0.0,0.38863835446598904,0.09990140207279702,0.009980290136110652
22_AA,420,1.0,0.23804110275534107,0.0,0.23777224562979482,0.0,0.2838371083936024,0.09030372465593713,0.008154762686735307
22_AC,421,1.0,0.22881465106984528,0.0,0.22894401668859296,0.0,-0.19883581282687113,0.03676580511405496,0.0013517244256846697
22_AG,422,1.0,0.33874215657834306,0.0,0.3376106194690258,0.0,0.025223893555246898,0.061051296808025665,0.0037272608419416445
22_AT,423,1.0,0.3549613568547285,0.0,0.3574965339671223,0.0,0.016720515740008837,0.12437277436285876,0.015468587002714577
22_CA,424,1.0,0.23478563749407105,0.0,0.23440197444979954,0.0,-0.17827321113312086,0.03765891004218223,0.0014181935055651734
22_CC,425,1.0,0.23430167491091364,0.0,0.21539480272733547,0.0,0.7539454835449033,0.09842471240652809,0.009687424012307762
22_CG,426,1.0,0.28076517320957983,0.0,0.2659758203799653,0.0,0.4995919736495429,0.0964478600630375,0.009302189710739263
22_CT,427,1.0,0.3563865196856951,0.0,0.35648334002408644,0.0,-0.0021415240292312855,0.06638773186883277,0.0044073309426880345
22_GA,428,1.0,0.35656312484743785,0.0,0.3542432763717628,0.4108031272210361,0.19174349786554595,0.06179807533120848,0.0038190021146417177
22_GC,429,0.9999999999999999,0.2775345393715068,0.0,0.2622090751799963,0.0,0.5054450616417214,0.09770446129878019,0.009546161757684836
22_GG,430,1.0,0.2078395873951117,0.0,0.19698234008981608,0.0,0.6784619901388421,0.07287948833033298,0.00531141981929114
22_GT,431,0.9999999999999999,0.2820169146829592,0.0,0.28380925556807224,0.2847593582887703,-0.33752981973136287,0.04360700586581236,0.0019015709605809932
22_TA,432,1.0,0.24993253685007374,0.0,0.2524701873935269,0.0,-0.027128424011875114,0.08236460572720496,0.006783928276597924
22_TC,433,1.0,0.32382406373335637,0.0,0.3249273126446322,0.2781954887218042,0.0539803370420363,0.05842345282996565,0.0034132998405752217
22_TG,434,1.0,0.2978554207109067,0.0,0.30013029042155137,0.0,-0.34128607506643766,0.04737136246443717,0.002244045981737087
22_TT,435,1.0,0.24554934680893986,0.0,0.23833950555499955,0.0,0.40274449286973724,0.09576126258775683,0.009170219412401317
23_AA,436,1.0,0.22128289290737477,0.0,0.22070752166203464,0.0,0.2937884364119519,0.07693264254510733,0.005918631488973259
23_AC,437,1.0,0.38536389425356476,0.0,0.38565971201880905,0.3238095238095236,-0.17690931859007966,0.06192986002768034,0.0038353075630480796
23_AG,438,1.0,0.3548729435888276,0.0,0.3542332383857972,0.0,-0.06704672775704774,0.06273163794703593,0.003935258399517997
23_AT,439,1.0,0.3648895205376158,0.0,0.3646511627906972,0.0,0.04179690912620423,0.11632975265764385,0.013532611353388596
23_CA,440,1.0,0.3826159950595175,0.0,0.3824424163407209,0.0,-0.17944812816193853,0.06167490105003538,0.0038037934195316553
23_CC,441,1.0,0.19659620694538413,0.0,0.17954595245024893,0.0,0.7588899505053477,0.08455095008550365,0.007148863160361329
23_CG,442,1.0,0.2682666177143211,0.0,0.25134264232008596,0.0,0.5236425236961311,0.09698081974184088,0.009405279397799433
23_CT,443,1.0,0.3272189788069093,0.0,0.32781144089555636,0.0,-0.06102584437963992,0.05997655305890626,0.0035971869168277973
23_GA,444,1.0,0.3798131689959379,0.0,0.3790243902439023,0.45000000000000007,-0.03804115998350583,0.0642962832472692,0.00413401203941307
23_GC,445,0.9999999999999999,0.28678858703955645,0.0,0.267938061215979,0.0,0.5584887035241942,0.10322593207181822,0.010655593052095631
23_GG,446,1.0,0.21898227644626875,0.0,0.20730865833126308,0.0,0.6982543904391034,0.07805429793895614,0.0060924734267433335
23_GT,447,0.9999999999999999,0.3364232460756401,0.0,0.33877699266987427,0.305,-0.25172265984698716,0.05372590226000054,0.002886472573651131
23_TA,448,1.0,0.4021197123862054,0.0,0.4024452368823228,0.0,0.03528921699862428,0.12629434016478058,0.01595026035765731
23_TC,449,1.0,0.30846883390305524,0.0,0.31011190130254235,0.28518518518518543,-0.1457530228096769,0.0565699347507708,0.003200157517706466
23_TG,450,1.0,0.35714763621616974,0.0,0.36030004167245694,0.3142857142857142,-0.3597660425409138,0.058822611333502445,0.0034600996040922904
23_TT,451,1.0,0.22154371623383504,0.0,0.21500502338175348,0.0,0.39753771367472207,0.08141541219843958,0.006628469343441824
24_AA,452,1.0,0.24549386610031343,0.0,0.2453437182526247,0.0,0.2614400731965107,0.0928422819586166,0.008619689319283265
24_AC,453,1.0,0.23771403318017362,0.0,0.23778665917565095,0.0,-0.2146278175744047,0.038453300579860544,0.0014786563254851033
24_AG,454,1.0,0.30514273648240725,0.0,0.3045001586797824,0.0,0.05219824970978846,0.054830823858215534,0.003006419244970658
24_AT,455,1.0,0.33748803891201873,0.0,0.33978996499416525,0.0,-0.01156390211930232,0.1120211486887419,0.01254873775354522
24_CA,456,1.0,0.24136585514307346,0.0,0.2412371134020625,0.0,-0.21747467792651157,0.03860709103430777,0.0014905074781313271
24_CC,457,1.0,0.2351883916987098,0.0,0.2171508198925628,0.0,0.7281831369590935,0.09791122241786857,0.009586607475361327
24_CG,458,0.9999999999999999,0.29493744518305054,0.0,0.27794117647058836,0.0,0.5027845825220698,0.10469536966645548,0.010961120429595766
24_CT,459,1.0,0.2945023792349903,0.0,0.29538131041890464,0.0,-0.12648584435767,0.05312260601876041,0.0028220112702244398
24_GA,460,1.0,0.35838717600187037,0.0,0.3566176470588233,0.4075630252100843,0.09465871311689465,0.0629903887291255,0.003967789072246341
24_GC,461,1.0,0.30160473844338265,0.0,0.2847282139775666,0.0,0.5340879586125994,0.10373169834730368,0.010760265242016006
24_GG,462,1.0,0.2422000699865558,0.0,0.23005617977527948,0.0,0.659296677986438,0.08425530459553959,0.007098956352487155
24_GT,463,1.0,0.3191049712119623,0.0,0.3212995180994297,0.2663295406658238,-0.3242495453467833,0.049789744275126335,0.0024790186349824754
24_TA,464,1.0,0.2641135987165469,0.0,0.26668948990071856,0.0,-0.016937333541239795,0.09114880483422971,0.008308104622708498
24_TC,465,1.0,0.3055668959713898,0.0,0.3064449064449075,0.0,-0.054539724626349845,0.05733880786172058,0.00328773888700331
24_TG,466,0.9999999999999999,0.2981665223068113,0.0,0.3009196321471416,0.25975609756097573,-0.45591922006324664,0.04707989555860233,0.002216516565808903
24_TT,467,1.0,0.256579666169136,0.0,0.2490568546309688,0.0,0.38593299085793076,0.09993131431532694,0.009986267580788667
25_AA,468,1.0,0.22169146687444874,0.0,0.2211023622047246,0.0,0.27892783427146706,0.08437003079885119,0.007118302096999098
25_AC,469,1.0,0.2559552134607594,0.0,0.25605978661684475,0.2566844919786099,-0.2235394832146823,0.0419988321245775,0.001763901899828443
25_AG,470,1.0,0.35812141488933297,0.0,0.3574527305058944,0.0,-0.09648361815465573,0.06390525174499119,0.004083881200590699
25_AT,471,1.0,0.35293378960771105,0.0,0.35657051282051283,0.0,-0.01940187692550141,0.12273636713547434,0.015064215817613944
25_CA,472,1.0,0.32924948378613567,0.0,0.3293396273292002,0.0,-0.3350311951843991,0.05261901666611574,0.0027687609149089657
25_CC,473,1.0,0.24071439144753706,0.0,0.2214113200821744,0.0,0.7469796879703817,0.10067647321874837,0.010135752259765358
25_CG,474,1.0,0.2992429934214693,0.0,0.28294194390084815,0.0,0.505621432670232,0.10293542670558531,0.010595702071060926
25_CT,475,1.0,0.3475330497712869,0.0,0.3484154607070899,0.0,-0.13864549470047444,0.06361167375830477,0.004046445038333001
25_GA,476,1.0,0.3508953997295588,0.0,0.3492379926108361,0.33497536945812684,0.13184290393188874,0.06207697583902213,0.0038535509293185373
25_GC,477,1.0,0.3036938968196996,0.0,0.287390029325513,0.0,0.4920028072151933,0.10613193233353044,0.011263987060849084
25_GG,478,0.9999999999999999,0.21655024291927105,0.0,0.20546795195434983,0.0,0.6756156823058468,0.07601510670221608,0.005778296446949295
25_GT,479,1.0,0.294318701286974,0.0,0.2963917620003424,0.29873125720876575,-0.38914799060216226,0.04568836598827064,0.002087426786678165
25_TA,480,1.0,0.40521178636639166,0.0,0.40906855203914444,0.0,-0.035576979165138176,0.13262953986421713,0.017590594844593962
25_TC,481,1.0,0.30580669719042924,0.0,0.3067484662576693,0.0,-0.14426935371919938,0.056171725888731365,0.0031552627893187734
25_TG,482,1.0,0.3385471034115205,0.0,0.34161511689397617,0.28682170542635643,-0.518291224751582,0.05414430037460169,0.0029316052630550924
25_TT,483,1.0,0.24522755814202085,0.0,0.23805060918462928,0.0,0.38618782929196105,0.09571270595487834,0.009160922081205003
26_AA,484,1.0,0.24912133913052692,0.0,0.24761912111997622,0.0,0.3221534551333865,0.08803701134811694,0.00775051536710847
26_AC,485,1.0,0.21902544960974196,0.0,0.21944999820417285,0.0,-0.3137206831255912,0.0357241671823276,0.0012762161208708922
26_AG,486,1.0,0.3491209540781005,0.0,0.34988101259525606,0.0,-0.2813458603363516,0.06141764545613666,0.0037721271733757045
26_AT,487,1.0,0.36573426922767177,0.0,0.36606397774687105,0.0,0.029849567547048074,0.11628153824090041,0.013521396135669985
26_CA,488,1.0,0.22226940208382312,0.0,0.22228127130099298,0.0,-0.2556620504174871,0.03577360455476753,0.0012797507828408844
26_CC,489,0.9999999999999999,0.19868840666123802,0.0,0.18120503200176588,0.0,0.7558922645801697,0.08600613755050061,0.007397055696355631
26_CG,490,1.0,0.32358040390966525,0.0,0.3028391167192431,0.0,0.5221657668398132,0.11595681781364485,0.013445983597466822
26_CT,491,1.0,0.3435143172860308,0.0,0.3453033069588151,0.0,-0.23311185148321484,0.06257329196354587,0.003915416867155154
26_GA,492,1.0,0.38204853815681383,0.0,0.3814285714285715,0.4540816326530613,-0.07510759546089354,0.06585088592283124,0.004336339176821734
26_GC,493,1.0,0.27440250690275975,0.0,0.2563718140929537,0.0,0.553897058356855,0.0984216856347819,0.009686828203191835
26_GG,494,0.9999999999999999,0.21407766025862013,0.0,0.20222850948907836,0.0,0.7623919353570408,0.07714906206170527,0.005951977777000851
26_GT,495,1.0,0.3051372049917527,0.0,0.3074968233799234,0.27499999999999997,-0.3554933757687503,0.04979238957356727,0.0024792820594458907
26_TA,496,1.0,0.27311970654714407,0.0,0.2737281211026535,0.0,0.018194226724166786,0.08561187926661505,0.007329393871561473
26_TC,497,1.0,0.3084779525425221,0.0,0.31039415130324216,0.0,-0.23232454279190098,0.05758208013594485,0.003315695952782375
26_TG,498,1.0,0.32961549959806863,0.0,0.3327019430526708,0.0,-0.4227196761693532,0.05453098948405453,0.0029736288141100652
26_TT,499,1.0,0.23895893750344174,0.0,0.2315970616941487,0.0,0.3899816531430646,0.08813633288791685,0.007768013174929693
27_AA,500,0.9999999999999999,0.2153237748499126,0.0,0.21479275456919109,0.0,0.2790511600307706,0.08242881757800008,0.006794509967307215
27_AC,501,1.0,0.29796397925391005,0.0,0.2987140080307301,0.0,-0.3326358738593061,0.04822424719532437,0.0023255780175557507
27_AG,502,1.0,0.2912075084706184,0.0,0.29057528411902234,0.0,-0.029954092735375817,0.05259479795198848,0.0027662127716104913
27_AT,503,1.0,0.365098717429545,0.0,0.3689558905639303,0.0,-0.04891224738179904,0.1208799090075022,0.014611952401662012
27_CA,504,1.0,0.27042109107937845,0.0,0.27058394402626257,0.0,-0.3491196116940358,0.04347787050703837,0.0018903252238267971
27_CC,505,0.9999999999999999,0.23953636574770779,0.0,0.2206828971599455,0.0,0.7316099721862406,0.10023443748363316,0.010046942457660364
27_CG,506,0.9999999999999999,0.34814686924238847,0.0,0.3287813759916765,0.0,0.4617326926344387,0.12298346936117802,0.01512493373611181
27_CT,507,1.0,0.3270423756682319,0.0,0.3283466621087943,0.0,-0.21763426766913396,0.058769826879834564,0.003453892551485725
27_GA,508,1.0,0.37489347481113744,0.0,0.37305986696230975,0.4285714285714288,0.03834941852548358,0.06550997388190818,0.004291556678008292
27_GC,509,1.0,0.3084394992937669,0.0,0.2922794117647064,0.0,0.5142217890950165,0.10524641300078545,0.0110768074495319
27_GG,510,1.0,0.23720515515732882,0.0,0.2250446890582381,0.0,0.6655856539843223,0.08331274914051104,0.006941014169349723
27_GT,511,1.0,0.34825420047804134,0.0,0.3508263264714402,0.28556593977154726,-0.38210373459287217,0.05433944087303941,0.0029527748343945457
27_TA,512,1.0,0.41797077601731797,0.0,0.42348696963169774,0.0,-0.04126219642001686,0.14347671172242477,0.020585566806679778
27_TC,513,1.0,0.2835934268557142,0.0,0.28473748473748495,0.0,-0.1602023985986427,0.05289526169665906,0.002797908709958047
27_TG,514,1.0,0.3144555040675794,0.0,0.3174954624499914,0.27553191489361684,-0.47461453490868544,0.049922071090492764,0.0024922131819642137
27_TT,515,1.0,0.259846987599322,0.0,0.25258653595033853,0.0,0.3817626482875047,0.10186837154540204,0.010377165121312076
28_AA,516,1.0,0.2587989951267895,0.0,0.25846568774348183,0.0,0.2720120308751995,0.09845268805923488,0.00969293178608901
28_AC,517,1.0,0.22544280711680256,0.0,0.225996797288287,0.0,-0.2645552369270212,0.03732456042574116,0.001393122810974803
28_AG,518,1.0,0.3761620759716903,0.0,0.3751828376401759,0.0,-0.1404458864301489,0.06879056943061596,0.004732142442588394
28_AT,519,1.0,0.3557040526238368,0.0,0.3592452830188676,0.0,-0.02576875990804141,0.12403027973435242,0.015383510290981714
28_CA,520,1.0,0.23474856352664114,0.0,0.2351876978742653,0.0,-0.4193905260192672,0.03773191796687228,0.0014236976334587792
28_CC,521,1.0,0.23428666991758798,0.0,0.21594607159460769,0.0,0.719154910716152,0.09830130850111261,0.009663147253030916
28_CG,522,1.0,0.237474576830262,0.0,0.22437466737626355,0.0,0.5040662797936619,0.08229956136915077,0.006773217801554614
28_CT,523,1.0,0.34623205624184283,0.0,0.3471804682518002,0.0,-0.16006941087158705,0.06414019652462785,0.004113964810217884
28_GA,524,1.0,0.34715656859458355,0.0,0.3456873189421533,0.4027874564459915,0.04231300746007512,0.06146801197353571,0.00377831649597873
28_GC,525,1.0,0.29208921323535963,0.0,0.2761904761904764,0.0,0.4902750717998813,0.10202181860908266,0.010408451472304564
28_GG,526,1.0,0.25002720457315325,0.0,0.2371231304430138,0.0,0.6410687097781057,0.08820657352451992,0.0077803996129365395
28_GT,527,1.0,0.2933051105023018,0.0,0.2955377955377961,0.0,-0.43768053014835656,0.04599623100814581,0.002115653266954714
28_TA,528,1.0,0.2694788769521297,0.0,0.27152530292231064,0.0,-0.03140736370388835,0.08870074894933332,0.007867822864172655
28_TC,529,1.0,0.30445338145128853,0.0,0.30597243491577203,0.0,-0.17975520280048837,0.055584908295232195,0.003089682030189373
28_TG,530,1.0,0.34568163798214124,0.0,0.3489430445832283,0.0,-0.47310717486413517,0.05575727461388045,0.003108873672367677
28_TT,531,0.9999999999999999,0.2517815784779315,0.0,0.2447019955068047,0.0,0.37763199176400736,0.09803151798611257,0.00961017851866151
29_AA,532,1.0,0.22926388688530575,0.0,0.22825347758887207,0.0,0.3004236305285343,0.0810454665635718,0.006568367650507033
29_AC,533,1.0,0.4241415001543881,0.0,0.42538032475437987,0.0,-0.33674041501512164,0.06941793326507056,0.0048188494587937895
29_AG,534,1.0,0.38306848057864434,0.0,0.3843720916705422,0.0,-0.314338088086677,0.0674236062910714,0.0045459426852934035
29_AT,535,1.0,0.34269799031778064,0.0,0.34229776247848565,0.0,0.03194370349407554,0.1098878857716861,0.01207534743937113
29_CA,536,1.0,0.45630313616222695,0.0,0.45649248710473167,0.0,-0.41279199310636805,0.07344765068025011,0.005394557390448044
29_CC,537,1.0,0.18889676184195237,0.0,0.17219544569321663,0.0,0.7737721263836805,0.0821931558333275,0.006755714865841658
29_CG,538,1.0,0.2417450582496415,0.0,0.22624286878565644,0.0,0.5225467874881288,0.08702357909566576,0.007573103318619594
29_CT,539,1.0,0.39709821365272896,0.0,0.39993718567007036,0.0,-0.3349928470303172,0.07387244201596203,0.005457137689401674
29_GA,540,0.9999999999999999,0.3569640252477241,0.0,0.356871068621504,0.34907388560960545,-0.12763077526215183,0.06161953884487715,0.0037969675674553237
29_GC,541,1.0,0.2886685877206477,0.0,0.27020997375328076,0.0,0.5282358683871389,0.10359675674611299,0.010732288008313306
29_GG,542,1.0,0.2212432978025178,0.0,0.20931195270119288,0.0,0.7086341460281697,0.0789800740749916,0.0062378521008911595
29_GT,543,1.0,0.38477232340670453,0.0,0.38812561334641743,0.0,-0.4350429861179601,0.06259229601002317,0.003917795519806363
29_TA,544,1.0,0.39421249348125054,0.0,0.39419171405361253,0.0,0.024526395630628986,0.124682918950128,0.015545830277924187
29_TC,545,1.0,0.3451944694580951,0.0,0.3475625483621349,0.0,-0.23178908197630918,0.06451640477152286,0.004162366484642978
29_TG,546,1.0,0.38768653510586215,0.0,0.39226559649763004,0.0,-0.6516539772443104,0.0657085873686089,0.004317618453978109
29_TT,547,0.9999999999999999,0.2248713234524866,0.0,0.21789052069425902,0.0,0.39191749849252167,0.08269080442446393,0.006837769136364944
30_AA,548,1.0,0.2609951470137447,0.0,0.26029759146873965,0.0,0.26351470412398004,0.09940559725071625,0.009881472764771606
30_AC,549,1.0,0.224466636281229,0.0,0.22510322781157005,0.0,-0.34290641837338165,0.037062354686420704,0.0013736181349020507
30_AG,550,0.9999999999999999,0.32744002021881075,0.0,0.3271513871985811,0.0,-0.1704407292752528,0.05939576277415831,0.0035278566355240906
30_AT,551,0.9999999999999999,0.3749305486248932,0.0,0.3776241570889351,0.0,-0.023906230836959502,0.12513184264016933,0.015657978042524102
30_CA,552,1.0,0.2496849384694221,0.0,0.2497436562282698,0.0,-0.3826836453721082,0.04053073253829148,0.00164274028009052
30_CC,553,1.0,0.21366653818474454,0.0,0.1970968499655881,0.0,0.7297183699801346,0.08963616991032557,0.008034642956192753
30_CG,554,1.0,0.2951490198983469,0.0,0.27881810093318754,0.0,0.45995142530241556,0.10569005068799327,0.011170386814430586
30_CT,555,1.0,0.32871277790939996,0.0,0.3307607497243659,0.0,-0.37841502237205527,0.059784026477610226,0.0035741298218756002
30_GA,556,1.0,0.3509532746873279,0.0,0.3501165745422131,0.0,-0.08929822913773498,0.06279446261975281,0.003943144535703534
30_GC,557,1.0,0.3255223063005961,0.0,0.3071808510638292,0.0,0.525364582462392,0.11261488933986848,0.012682113301030824
30_GG,558,1.0,0.2574087466682456,0.0,0.24420537340619253,0.0,0.6499869759643644,0.0897258727635803,0.0080507322431862
30_GT,559,1.0,0.314709731469102,0.0,0.3169932455025746,0.0,-0.42547838927714926,0.05004216762635924,0.002504218540744637
30_TA,560,1.0,0.2634225320884576,0.0,0.26647966339410883,0.0,-0.024508699198969107,0.0909592007161809,0.008273576194926482
30_TC,561,1.0,0.34082552069685534,0.0,0.34258132214060877,0.0,-0.204249774691318,0.06481309457490499,0.0042007372283755775
30_TG,562,0.9999999999999999,0.2812126642322092,0.0,0.28445774810039176,0.0,-0.604594474508618,0.04536960313001845,0.0020584008881753798
30_TT,563,1.0,0.26519135004540895,0.0,0.2574743527112851,0.0,0.37851521225933366,0.10359583797575225,0.010732097645898313
31_AA,564,1.0,0.21610851764909886,0.0,0.2159442907474416,0.0,0.26161749496431375,0.08237328760459534,0.006785358510789379
31_AC,565,1.0,0.26975981127779086,0.0,0.27066709224385543,0.0,-0.46169908177006336,0.04467029508239861,0.0019954352627485654
31_AG,566,1.0,0.37073098651272957,0.0,0.3701756912442392,0.0,-0.14540305113221436,0.06753248116208706,0.004560636011907644
31_AT,567,1.0,0.3211050312929994,0.0,0.32369942196531776,0.0,-0.01484220616344437,0.11323182121220204,0.012821445335032088
31_CA,568,1.0,0.35857548981308335,0.0,0.3593007027712999,0.0,-0.5643132579431083,0.05835739421357849,0.0034055854593990037
31_CC,569,0.9999999999999999,0.2382540612400639,0.0,0.22005469970976488,0.0,0.7283667027156757,0.0995929200826687,0.009918749730592836
31_CG,570,0.9999999999999999,0.31793675231472796,0.0,0.3003300330033002,0.0,0.5013427599386926,0.10995840389727148,0.012090850587635486
31_CT,571,1.0,0.38460834281035333,0.0,0.38694489653569086,0.0,-0.2739516856054002,0.07186701073702968,0.005164867232276341
31_GA,572,1.0,0.32571491139386055,0.0,0.3244576496070569,0.0,-0.034175179378418435,0.05770529438990288,0.0033299010006253567
31_GC,573,0.9999999999999999,0.2533902018842565,0.0,0.23878545375360802,0.0,0.49068984734260257,0.09030334654138328,0.008154694396573159
31_GG,574,1.0,0.2591533072690924,0.0,0.24619596821089343,0.0,0.6288759416778188,0.09080262117599874,0.008245116012431934
31_GT,575,1.0,0.2894050086703569,0.0,0.2916666666666665,0.0,-0.5395700959273738,0.04521550737607101,0.002044442107275532
31_TA,576,1.0,0.3384856249117261,0.0,0.34109183241641994,0.0,-0.033027339538101705,0.11166090033867178,0.01246815666444279
31_TC,577,1.0,0.312008361306705,0.0,0.31407476854564587,0.0,-0.25523172178059766,0.0568910692828957,0.003236593764151239
31_TG,578,1.0,0.3280032233608368,0.0,0.3319495719743975,0.0,-0.6615830687485932,0.0534527430559597,0.0028571957402064477
31_TT,579,1.0,0.25450219663194507,0.0,0.24724736339960382,0.0,0.38031589831743945,0.09959656896246684,0.009919476549095411
32_AA,580,1.0,0.26715770438170694,0.0,0.26590316977854933,0.0,0.30109131513868675,0.09472966449332405,0.00897370933501774
32_AC,581,1.0,0.22911154790857133,0.0,0.229981952887538,0.0,-0.42829205547094507,0.03779801828696281,0.0014286901864215748
32_AG,582,1.0,0.36379508156924084,0.0,0.3653529582647406,0.0,-0.36779013149667567,0.06547241092379004,0.004286636592173622
32_AT,583,1.0,0.404529341442296,0.0,0.40508188294044206,0.0,0.013414933689006014,0.1306655099202798,0.01707347548272674
32_CA,584,1.0,0.23433762651456258,0.0,0.23484219269103238,0.0,-0.5164859842810597,0.03818502910669482,0.0014580964478791306
32_CC,585,1.0,0.20781044652466948,0.0,0.18948154763437822,0.0,0.7575738696510618,0.09024074041195844,0.00814339123009847
32_CG,586,1.0,0.3455096471747032,0.0,0.32336018061822736,0.0,0.5125437686754416,0.12459501800539449,0.015523918511764578
32_CT,587,1.0,0.34122802602343,0.0,0.3434038652509357,0.0,-0.31122542246893964,0.0635464359410491,0.004038149520809857
32_GA,588,1.0,0.37887645117250934,0.0,0.3790156776340884,0.0,-0.21331555885667428,0.06614094279540825,0.0043746243138654654
32_GC,589,1.0,0.320851535098076,0.0,0.30011854583772685,0.0,0.5208942318471957,0.11573207166340113,0.013393912411502614
32_GG,590,1.0,0.21509095680227505,0.0,0.2035576923076924,0.0,0.682204695049526,0.07700025781051187,0.005929039702885293
32_GT,591,1.0,0.2995820983390411,0.0,0.3025434651095517,0.0,-0.49408128129844914,0.049576388762155976,0.0024578183226964256
32_TA,592,1.0,0.28325963106567514,0.0,0.2831211053914911,0.0,0.021805178314557132,0.09016142874091704,0.008129083232603461
32_TC,593,1.0,0.30593841694893764,0.0,0.30855227835605054,0.0,-0.2968831806954088,0.058212655128459544,0.003388713217104967
32_TG,594,1.0,0.3258293633695251,0.0,0.3297042689828201,0.0,-0.5431490984946898,0.05507476345127472,0.0030332295692138654
32_TT,595,1.0,0.27543786299011264,0.0,0.2667806546165121,0.0,0.3820630328134612,0.10105625496123442,0.010212366666790018
33_AA,596,1.0,0.2229412301225606,0.0,0.2221514221166659,0.0,0.2696993966312016,0.08544403792212381,0.007300683616437332
33_AC,597,1.0,0.29092464762583337,0.0,0.292189718039365,0.0,-0.49607344491250976,0.04834444755903783,0.0023371856097885585
33_AG,598,1.0,0.33493310774324575,0.0,0.33502390957832123,0.0,-0.19415486614094485,0.060984975950676805,0.0037191672917046286
33_AT,599,1.0,0.3744591686303127,0.0,0.3769418215047201,0.0,-0.026732678613234192,0.12548783778280653,0.01574719743140397
33_CA,600,1.0,0.26518744387871396,0.0,0.26583592938733114,0.0,-0.5778262440002371,0.043584610037795776,0.0018996182321467285
33_CC,601,1.0,0.21484605330522266,0.0,0.19832987760700607,0.0,0.7238752577422556,0.09015716802347726,0.00812831494601351
33_CG,602,1.0,0.31214197360263907,0.0,0.29400000000000004,0.0,0.4668386859321689,0.11166977655625283,0.012470138996123434
33_CT,603,1.0,0.3254261519647873,0.0,0.3272904786207218,0.0,-0.31692337735717724,0.05907511701522999,0.0034898694503631158
33_GA,604,1.0,0.3557199974690304,0.0,0.3546663635330227,0.0,-0.0624116560008297,0.06360692090992873,0.004045840387641929
33_GC,605,1.0,0.30438959414517575,0.0,0.28688266750550556,0.0,0.5076673577516361,0.1061344526823847,0.011264522046189357
33_GG,606,1.0,0.24321001824059404,0.0,0.23097870133238335,0.0,0.6337281657503812,0.08498469012406301,0.007222397555483013
33_GT,607,1.0,0.38769635462844676,0.0,0.3914736441712972,0.0,-0.6221566680867159,0.06244540823599143,0.003899429009759626
33_TA,608,1.0,0.34752310198270436,0.0,0.35109685430463683,0.0,-0.032623046279689545,0.12031270722944763,0.014475147520878782
33_TC,609,1.0,0.35108941083869266,0.0,0.3529595015576322,0.0,-0.24461205388356166,0.06632844489263448,0.004399462601875248
33_TG,610,1.0,0.334498854933458,0.0,0.3389743706468787,0.0,-0.7659498932703661,0.05510715323574096,0.0030367983377474358
33_TT,611,1.0,0.23665112696753426,0.0,0.22945268464725857,0.0,0.378838090085883,0.09283176460546366,0.008617736519764215
34_AA,612,1.0,0.2558786719310577,0.0,0.2555768731518602,0.0,0.25349243422957635,0.09767662750825327,0.00954072356138606
34_AC,613,1.0,0.232021367865982,0.0,0.2331427806241985,0.0,-0.46661314335485654,0.039171677101856164,0.0015344202869720825
34_AG,614,1.0,0.34814776916035345,0.0,0.348391220967398,0.0,-0.2675102309548276,0.0641967488674609,0.004121222565151844
34_AT,615,1.0,0.394707629033818,0.0,0.39818548387096886,0.0,-0.017548953669693945,0.13864064145605992,0.01922122746334776
34_CA,616,1.0,0.24055261905450293,0.0,0.24147727272727218,0.0,-0.611215482467443,0.03976107831386666,0.0015809433486814375
34_CC,617,1.0,0.22343446208740925,0.0,0.20622142379566355,0.0,0.7149827038213123,0.09380226758753132,0.008798865404562829
34_CG,618,1.0,0.2926493580813583,0.0,0.27693738153989117,0.0,0.4737644942687821,0.101313317024436,0.010264388206493872
34_CT,619,1.0,0.33708406617739173,0.0,0.3386674968866748,0.0,-0.3090813638859198,0.06304860200608248,0.003975126214921387
34_GA,620,1.0,0.3099374743910638,0.0,0.30928879248564184,0.0,-0.06302797356153926,0.055387969586412386,0.003067827174905343
34_GC,621,1.0,0.28898890184853154,0.0,0.2717888917681612,0.0,0.49168504603178764,0.10316966619841621,0.010643980023492624
34_GG,622,1.0,0.24366552104514136,0.0,0.23108667247386663,0.0,0.6486204533036568,0.08562607239320089,0.007331824273485678
34_GT,623,1.0,0.2991525828191366,0.0,0.30199523431294734,0.0,-0.5639382467594048,0.04769623326898076,0.0022749306680490268
34_TA,624,1.0,0.2800429783417508,0.0,0.2819431427678849,0.0,-0.027239144626274768,0.09308616442436374,0.008665034007239681
34_TC,625,1.0,0.300123878090223,0.0,0.3023774145616647,0.0,-0.2671153370017413,0.05583966753473081,0.0031180684703892704
34_TG,626,1.0,0.3168477021417378,0.0,0.3208873613497892,0.0,-0.682613035289201,0.05198125743410082,0.002702051124430262
34_TT,627,0.9999999999999999,0.2607100331389671,0.0,0.25296220633299327,0.0,0.37595617267635256,0.10207559856009892,0.010419427821402467
35_AA,628,1.0,0.23244109088747877,0.0,0.23119542169224164,0.0,0.28857647613217813,0.08263571189292082,0.006828660880049815
35_AC,629,1.0,0.40993037201414106,0.0,0.41204389030476046,0.0,-0.525321634665674,0.06791924583303761,0.004613023954528597
35_AG,630,1.0,0.35383886933419245,0.0,0.35531973921487053,0.0,-0.39379878693633075,0.06321639171193867,0.003996312181077268
35_AT,631,0.9999999999999999,0.3672360743212653,0.0,0.3672456575682381,0.0,0.019144306635866533,0.1186041492517592,0.014066944219733573
35_CA,632,1.0,0.44294905125714723,0.0,0.4443838139249314,0.0,-0.6155004783703565,0.07306583261262993,0.005338615895376855
35_CC,633,1.0,0.1984998522716362,0.0,0.18087020774115223,0.0,0.758118245333115,0.08627088992218956,0.007442666447966548
35_CG,634,1.0,0.3206927553851314,0.0,0.30036827449923587,0.0,0.4817761922175635,0.11645489084746868,0.013561741602295846
35_CT,635,1.0,0.36223066099486306,0.0,0.36516997747286617,0.0,-0.41674963280917293,0.06731599108332359,0.004531442655530102
35_GA,636,1.0,0.4106428520837167,0.0,0.4109884138412861,0.0,-0.26475529762232175,0.07171051776183716,0.005142398357670763
35_GC,637,1.0,0.29414629009090687,0.0,0.2756358768406957,0.0,0.5126361363495581,0.10605841735781861,0.01124838789244524
35_GG,638,1.0,0.21592429809603766,0.0,0.20420543696405766,0.0,0.7289522816027768,0.07848084013976063,0.006159242269042663
35_GT,639,1.0,0.3782060748201009,0.0,0.3819444444444437,0.0,-0.5171884240027027,0.06260748443461833,0.003919697107230977
35_TA,640,1.0,0.3574168061584739,0.0,0.3577661431064576,0.0,0.008003274555980204,0.11327713785691018,0.012831709961053435
35_TC,641,1.0,0.3028682980302557,0.0,0.3057929724596394,0.0,-0.4081920395194948,0.05693322153254791,0.003241391714074177
35_TG,642,1.0,0.3840111116738135,0.0,0.388878955837652,0.0,-0.6164939014203553,0.06523439348597299,0.004255526093482755
35_TT,643,0.9999999999999999,0.22263127731691515,0.0,0.2155703225019813,0.0,0.36316536722595394,0.08308772426420363,0.006903569923404333
36_AA,644,0.9999999999999999,0.27389915354355837,0.0,0.2731464232488818,0.0,0.2582649998161615,0.10500461109938597,0.011025968352133292
36_AC,645,1.0,0.23233607907638223,0.0,0.23350431920332854,0.0,-0.5460830206739395,0.03897096203401512,0.0015187358818566478
36_AG,646,1.0,0.3312695107455643,0.0,0.3317014897404643,0.0,-0.25186637874295426,0.06086822436925037,0.0037049407378654045
36_AT,647,1.0,0.41242144837926015,0.0,0.4150932707481881,0.0,-0.025348795455625593,0.1385514739780182,0.019196510941481455
36_CA,648,1.0,0.25429235397266386,0.0,0.2551396942540839,0.0,-0.6199171667832044,0.0419894910133563,0.001763117355560729
36_CC,649,1.0,0.23019970755311026,0.0,0.21224922045066827,0.0,0.7270256862122884,0.09682137389296086,0.009374378442520523
36_CG,650,1.0,0.35944180154260663,0.0,0.339849624060151,0.0,0.4464287519743637,0.1281733246742046,0.016428401158039063
36_CT,651,1.0,0.3682647079263828,0.0,0.37119801365611194,0.0,-0.38999848536089327,0.0686462981049383,0.0047123142435120564
36_GA,652,1.0,0.34838544111640424,0.0,0.34776499516993065,0.0,-0.14297539398697065,0.06221602611889839,0.0038708339060274473
36_GC,653,1.0,0.2978667874640568,0.0,0.28177833437695743,0.0,0.4818755519836939,0.10354419316038513,0.010721399937235147
36_GG,654,1.0,0.22052973346408714,0.0,0.20923818245246822,0.0,0.6283849493171528,0.07784809451875782,0.006060325820201452
36_GT,655,1.0,0.3447428130429786,0.0,0.34798923240068474,0.0,-0.6492309226642754,0.05528396671692538,0.003056316975958113
36_TA,656,0.9999999999999999,0.3173922345325281,0.0,0.32042723631508635,0.0,-0.029155331196665746,0.11008946585504086,0.012119690492248206
36_TC,657,1.0,0.3127071392655308,0.0,0.3148541322638987,0.0,-0.25863032754627385,0.0596063083011601,0.0035529119892929472
36_TG,658,1.0,0.30773625470986804,0.0,0.3120879120879125,0.0,-0.774949223792776,0.05091744737055467,0.0025925864467332047
36_TT,659,1.0,0.28537080876991006,0.0,0.2767748727846978,0.0,0.36455900359939003,0.11225918733928385,0.012602125142076427
37_AA,660,1.0,0.2285046061422325,0.0,0.22807838338761655,0.0,0.2592306197051698,0.08793248505588251,0.007732121928103002
37_AC,661,1.0,0.2624493046353235,0.0,0.2639194351198058,0.0,-0.543042676763111,0.044297622129815965,0.0019622793263559613
37_AG,662,1.0,0.3366369264140433,0.0,0.33712730421872894,0.0,-0.33828236758585856,0.06236926951089853,0.0038899257793230967
37_AT,663,1.0,0.4068623738504571,0.0,0.41020793950850537,0.0,-0.02488907638375765,0.14314170323015737,0.020489547203630443
37_CA,664,0.9999999999999999,0.3265737890162963,0.0,0.3279826309795048,0.0,-0.7699688260073312,0.054638165493092736,0.00298532912845059
37_CC,665,1.0,0.22868237873116437,0.0,0.21096639350353652,0.0,0.7191629072429129,0.09609290373588966,0.009233846148394958
37_CG,666,1.0,0.31427954941325886,0.0,0.2969606377678126,0.0,0.4854325555908788,0.10948376146203721,0.011986694023876265
37_CT,667,1.0,0.37217439644950867,0.0,0.37447719093473364,0.0,-0.385982186414972,0.07029238831064791,0.00494101985441491
37_GA,668,1.0,0.3172129379591068,0.0,0.3169316525766057,0.0,-0.17860536238310376,0.056821903492834766,0.003228728716549028
37_GC,669,1.0,0.2748136300451334,0.0,0.25901842808191533,0.0,0.466684942189631,0.09851882898051927,0.009705959663692802
37_GG,670,1.0,0.26368857197468715,0.0,0.2504935470937817,0.0,0.6147542652129692,0.09274156927030335,0.008600998670718474
37_GT,671,1.0,0.3178065167959813,0.0,0.3214052029511979,0.0,-0.7082468188276673,0.050554689865414254,0.0025557766673882185
37_TA,672,1.0,0.3028649911011984,0.0,0.3050085616438356,0.0,-0.029325688173512394,0.10040095318009555,0.010080351399471738
37_TC,673,1.0,0.32963756347449225,0.0,0.33230898282801274,0.0,-0.4428703103836716,0.06265955061058305,0.0039262192827202195
37_TG,674,1.0,0.3259333146303271,0.0,0.33046665923282637,0.0,-0.8160579460404892,0.05426198654705342,0.002944363184032606
37_TT,675,0.9999999999999999,0.2597137201328229,0.0,0.25196207148067123,0.0,0.3736535701577201,0.10208890289694701,0.010422144094702275
38_AA,676,0.9999999999999999,0.2836126647944029,0.0,0.2822520115287616,0.0,0.26354079770953953,0.10119180052798125,0.010239780494094748
38_AC,677,1.0,0.22922215222502715,0.0,0.23037815329492078,0.0,-0.528733060890412,0.03838099787453761,0.0014731009978452604
38_AG,678,1.0,0.3687237516017,0.0,0.370177888095976,0.0,-0.4788028446766648,0.06717853194332002,0.004512955154059669
38_AT,679,1.0,0.38202458583703514,0.0,0.3816370286290822,0.0,0.02279406100793116,0.12408256953659551,0.01539648406280406
38_CA,680,0.9999999999999999,0.2513569322760404,0.0,0.2522383138458418,0.0,-0.6288139375572687,0.041739786717055714,0.0017422097951853004
38_CC,681,1.0,0.18399442810445854,0.0,0.1676750798800738,0.0,0.7466117731978219,0.08001991641557576,0.006403187023155733
38_CG,682,1.0,0.2949361612322882,0.0,0.2762951334379905,0.0,0.48432150411699953,0.10724118942920109,0.011500672710189792
38_CT,683,1.0,0.32779723210933287,0.0,0.3307947019867554,0.0,-0.49052606891092054,0.06173010668175526,0.003810606070940886
38_GA,684,1.0,0.40686124618090813,0.0,0.40806245373174554,0.0,-0.3976156490895874,0.07271693489320005,0.005287752620261895
38_GC,685,0.9999999999999999,0.25122208692972614,0.0,0.235657402892898,0.0,0.5038094682867159,0.09065562519041825,0.008218442378665597
38_GG,686,1.0,0.23337008843284238,0.0,0.22078952588772066,0.0,0.6509360898954916,0.0837306590662895,0.007010823267675209
38_GT,687,1.0,0.31487815475407416,0.0,0.3180874488832973,0.0,-0.5936328484627085,0.05205868149685703,0.002710106319191204
38_TA,688,1.0,0.30931796818331164,0.0,0.3092918250950549,0.0,0.009237597133317383,0.09872792636302491,0.009747203443942868
38_TC,689,1.0,0.3143664759629451,0.0,0.31780660377358544,0.0,-0.48840512784822376,0.060266555576841546,0.0036320577210965307
38_TG,690,0.9999999999999999,0.3186579890229259,0.0,0.32276253838996394,0.0,-0.6828978040439864,0.05458046840623307,0.002979027531443806
38_TT,691,1.0,0.2673031947221385,0.0,0.25957155684782063,0.0,0.35570118882770974,0.09942944688329602,0.009886214907518185
39_AA,692,1.0,0.22847662445571934,0.0,0.22820733709344487,0.0,0.24536364400924746,0.08752643221827365,0.0076608763368600525
39_AC,693,1.0,0.2935248875351343,0.0,0.29522516698330353,0.0,-0.5851945259271227,0.04963197273190008,0.002463332717260073
39_AG,694,1.0,0.3310514788414342,0.0,0.33161060747267673,0.0,-0.34742050580324546,0.061645506899769435,0.003800168520929521
39_AT,695,1.0,0.39552556022054675,0.0,0.3986210418794697,0.0,-0.03027393395889325,0.13349881513641737,0.01782193364282734
39_CA,696,1.0,0.28363525779360876,0.0,0.2851037083595235,0.0,-0.7154579004055346,0.04746215689885468,0.0022526563374914987
39_CC,697,1.0,0.20907249551827517,0.0,0.19284573309453487,0.0,0.7129944567615173,0.08856367794149048,0.007843525050524047
39_CG,698,1.0,0.31565852288069274,0.0,0.2982848620432518,0.0,0.4408261348228632,0.11270601915478598,0.012702646753718983
39_CT,699,1.0,0.3558616452049705,0.0,0.35868513580480027,0.0,-0.4798583465425417,0.06641312895176694,0.004410703697164025
39_GA,700,1.0,0.3177341304018789,0.0,0.3173949181322624,0.0,-0.2346633277099824,0.05690907603008283,0.0032386429345977476
39_GC,701,1.0,0.32239638708488677,0.0,0.30414392905866294,0.0,0.49650145373061105,0.11196209640696142,0.012535511031841725
39_GG,702,1.0,0.21379348954877211,0.0,0.20306778039181828,0.0,0.5763794112948084,0.07566058403213827,0.0057245239760842555
39_GT,703,1.0,0.3852236821281661,0.0,0.38959875604232036,0.0,-0.7620984123050617,0.06289008726123839,0.00395516307572618
39_TA,704,1.0,0.33170952858709946,0.0,0.33451327433628314,0.0,-0.021946726344888492,0.11576836739561855,0.013402314889446917
39_TC,705,1.0,0.31164975882518986,0.0,0.31437736949548,0.0,-0.3765733861690411,0.060092891013307864,0.0036111555503372974
39_TG,706,1.0,0.36241899511226827,0.0,0.3681555309462293,0.0,-0.8583144615970603,0.06039826428246187,0.0036479503283341095
39_TT,707,1.0,0.26171158704021585,0.0,0.25411467795098236,0.0,0.3627758772959468,0.1031679970786949,0.010643635621229598
40_AA,708,1.0,0.2679295843212945,0.0,0.26759435510338325,0.0,0.2557921759168615,0.10280604476852265,0.010569082840947482
40_AC,709,1.0,0.24266209660884422,0.0,0.24414494034467496,0.0,-0.5640830093638769,0.04103691025579661,0.0016840280033423047
40_AG,710,1.0,0.3516465896599061,0.0,0.35251336898395885,0.0,-0.35261927334579923,0.06687016217834559,0.00447161858975824
40_AT,711,1.0,0.38533944483341304,0.0,0.38850545865227426,0.0,-0.02371433973393261,0.13639887454980834,0.018604652978454355
40_CA,712,1.0,0.24782984057572846,0.0,0.24916823376247615,0.0,-0.7720133054117333,0.04155196283302099,0.0017265656152767577
40_CC,713,1.0,0.2202802958722396,0.0,0.203312573336945,0.0,0.7119959455514044,0.09265804818887842,0.008585513894172515
40_CG,714,1.0,0.3335314948662016,0.0,0.31494299674267123,0.0,0.47327648319654986,0.11739172043762479,0.013780816027305454
40_CT,715,1.0,0.37135136974015426,0.0,0.37395072324213463,0.0,-0.44642341490725823,0.07087582833172144,0.005023383041707648
40_GA,716,1.0,0.3440074101800346,0.0,0.34425012394957466,0.0,-0.2776754283912584,0.06226759277407278,0.0038772531098777607
40_GC,717,1.0,0.30376127047519164,0.0,0.2858898783393944,0.0,0.47968413224452067,0.10888456556707886,0.011855848618731494
40_GG,718,1.0,0.24460470516841565,0.0,0.23249438520396679,0.0,0.5969313483749161,0.08557353597512599,0.0073228300592861825
40_GT,719,1.0,0.3253300803698289,0.0,0.3291139240506342,0.0,-0.747700950034311,0.05260710917413848,0.0027675079356597253
40_TA,720,1.0,0.34054643497192766,0.0,0.34278350515463824,0.0,-0.030272906240382126,0.11390250279614363,0.012973780143225507
40_TC,721,1.0,0.32015673579352505,0.0,0.3236188685505722,0.0,-0.45746454473980663,0.060880161253444094,0.0037063940342453553
40_TG,722,1.0,0.3399077408866833,0.0,0.3449883449883446,0.0,-0.8251079224872552,0.05783250884347392,0.0033445990791304892
40_TT,723,1.0,0.2562106329964988,0.0,0.2486491674264602,0.0,0.36486345024174077,0.10086381790267156,0.010173509761903288
