Seqname,LORFL: Longest ORF length,ORFCo: ORF coverage,ORFIn: ORF integrity,ORFFS: ORF frame score,ORFEA: Entropy density A on ORF,ORFEC: Entropy density C on ORF,ORFED: Entropy density D on ORF,ORFEE: Entropy density E on ORF,ORFEF: Entropy density F on ORF,ORFEG: Entropy density G on ORF,ORFEH: Entropy density H on ORF,ORFEI: Entropy density I on ORF,ORFEK: Entropy density K on ORF,ORFEL: Entropy density L on ORF,ORFEM: Entropy density M on ORF,ORFEN: Entropy density N on ORF,ORFEP: Entropy density P on ORF,ORFEQ: Entropy density Q on ORF,ORFER: Entropy density R on ORF,ORFES: Entropy density S on ORF,ORFET: Entropy density T on ORF,ORFEV: Entropy density V on ORF,ORFEW: Entropy density W on ORF,ORFEY: Entropy density Y on ORF
ENST00000607720.1,288.0,0.584178,-1.0,0.0,0.058987,0.041511,0.018223,0.030911,0.058987,0.06641699999999999,0.030911,0.0,0.041511,0.12288199999999999,0.030911,0.030911,0.103773,0.058987,0.058987,0.09962599999999999,0.030911,0.06641699999999999,0.030911,0.018223
ENST00000432987.1,141.0,0.392758,-1.0,0.0,0.097953,0.055203999999999996,0.0,0.055203999999999996,0.0,0.08616599999999999,0.07217,0.0,0.033662,0.130064,0.033662,0.055203999999999996,0.116542,0.0,0.033662,0.10797899999999999,0.055203999999999996,0.0,0.033662,0.033662
ENST00000415082.1,144.0,0.301255,1.0,0.0,0.066756,0.031137,0.031137,0.0,0.051062,0.079702,0.031137,0.051062,0.079702,0.079702,0.079702,0.031137,0.107798,0.0,0.051062,0.099878,0.031137,0.066756,0.0,0.031137
ENST00000609422.1,186.0,0.235145,1.0,0.0,0.060312,0.0,0.027436000000000002,0.027436000000000002,0.12068699999999999,0.0,0.060312,0.072736,0.04562,0.12575799999999998,0.027436000000000002,0.027436000000000002,0.12068699999999999,0.027436000000000002,0.04562,0.072736,0.083474,0.027436000000000002,0.027436000000000002,0.0
ENST00000595301.1,345.0,0.627273,1.0,0.0,0.088624,0.049086000000000005,0.034263999999999996,0.034263999999999996,0.066733,0.066733,0.025388,0.055469000000000004,0.071746,0.08482200000000001,0.034263999999999996,0.014871,0.055469000000000004,0.025388,0.07641,0.071746,0.034263999999999996,0.061326,0.034263999999999996,0.014871
ENST00000413096.1,174.0,0.32222199999999995,1.0,0.0,0.057783,0.057783,0.026448000000000003,0.057783,0.057783,0.043827,0.026448000000000003,0.026448000000000003,0.079597,0.096029,0.026448000000000003,0.026448000000000003,0.079597,0.026448000000000003,0.088361,0.10867,0.043827,0.043827,0.026448000000000003,0.0
ENST00000590491.1,276.0,0.16159300000000001,1.0,0.0,0.082846,0.0436,0.019212,0.03252,0.019212,0.082846,0.019212,0.019212,0.019212,0.082846,0.03252,0.03252,0.115177,0.0436,0.098994,0.098994,0.076472,0.061788,0.019212,0.0
ENST00000586051.1,120.0,0.13245,1.0,0.0,0.0,0.06339600000000001,0.039095,0.0,0.039095,0.082113,0.039095,0.0,0.11984600000000001,0.082113,0.06339600000000001,0.06339600000000001,0.128306,0.0,0.11984600000000001,0.082113,0.039095,0.039095,0.0,0.0
ENST00000524269.1,69.0,0.20354,1.0,0.0,0.061426999999999995,0.0,0.0,0.061426999999999995,0.0,0.0,0.0,0.095304,0.11878299999999999,0.13551,0.095304,0.0,0.061426999999999995,0.095304,0.095304,0.11878299999999999,0.0,0.061426999999999995,0.0,0.0
ENST00000518439.1,102.0,0.205231,1.0,0.0,0.06772,0.042232,0.0,0.06772,0.0,0.0,0.0,0.086887,0.042232,0.12354200000000001,0.06772,0.042232,0.086887,0.0,0.06772,0.06772,0.06772,0.101951,0.06772,0.0
