Seqname,ABST1: Dinucleotide auto covariance of lag1 on BST,APID1: Dinucleotide auto covariance of lag1 on PID,ABDT1: Dinucleotide auto covariance of lag1 on BDT,ADGC1: Dinucleotide auto covariance of lag1 on DGC,AAPH1: Dinucleotide auto covariance of lag1 on APH,APTW1: Dinucleotide auto covariance of lag1 on PTW,ADST1: Dinucleotide auto covariance of lag1 on DST,ADTB1: Dinucleotide auto covariance of lag1 on DTB,ADDT1: Dinucleotide auto covariance of lag1 on DDT,ABDS1: Dinucleotide auto covariance of lag1 on BDS,APDT1: Dinucleotide auto covariance of lag1 on PDT,ASEZ1: Dinucleotide auto covariance of lag1 on SEZ,AABA1: Dinucleotide auto covariance of lag1 on ABA,ABDG1: Dinucleotide auto covariance of lag1 on BDG,ABDH1: Dinucleotide auto covariance of lag1 on BDH,ABLS1: Dinucleotide auto covariance of lag1 on BLS,AETI1: Dinucleotide auto covariance of lag1 on ETI,AHTF1: Dinucleotide auto covariance of lag1 on HTF,AHCT1: Dinucleotide auto covariance of lag1 on HCT,AIBA1: Dinucleotide auto covariance of lag1 on IBA,ALBZ1: Dinucleotide auto covariance of lag1 on LBZ,APIA1: Dinucleotide auto covariance of lag1 on PIA,ASDG1: Dinucleotide auto covariance of lag1 on SDG,ASDH1: Dinucleotide auto covariance of lag1 on SDH,ASDS1: Dinucleotide auto covariance of lag1 on SDS,ASFB1: Dinucleotide auto covariance of lag1 on SFB,ASTB1: Dinucleotide auto covariance of lag1 on STB,ASKE1: Dinucleotide auto covariance of lag1 on SKE,ASMG1: Dinucleotide auto covariance of lag1 on SMG,ASMH1: Dinucleotide auto covariance of lag1 on SMH,ASMS1: Dinucleotide auto covariance of lag1 on SMS,AWCI1: Dinucleotide auto covariance of lag1 on WCI,ATWI1: Dinucleotide auto covariance of lag1 on TWI,ATIL1: Dinucleotide auto covariance of lag1 on TIL,AROL1: Dinucleotide auto covariance of lag1 on ROL,ASHI1: Dinucleotide auto covariance of lag1 on SHI,ASLI1: Dinucleotide auto covariance of lag1 on SLI,ARIS1: Dinucleotide auto covariance of lag1 on RIS,ABST2: Dinucleotide auto covariance of lag2 on BST,APID2: Dinucleotide auto covariance of lag2 on PID,ABDT2: Dinucleotide auto covariance of lag2 on BDT,ADGC2: Dinucleotide auto covariance of lag2 on DGC,AAPH2: Dinucleotide auto covariance of lag2 on APH,APTW2: Dinucleotide auto covariance of lag2 on PTW,ADST2: Dinucleotide auto covariance of lag2 on DST,ADTB2: Dinucleotide auto covariance of lag2 on DTB,ADDT2: Dinucleotide auto covariance of lag2 on DDT,ABDS2: Dinucleotide auto covariance of lag2 on BDS,APDT2: Dinucleotide auto covariance of lag2 on PDT,ASEZ2: Dinucleotide auto covariance of lag2 on SEZ,AABA2: Dinucleotide auto covariance of lag2 on ABA,ABDG2: Dinucleotide auto covariance of lag2 on BDG,ABDH2: Dinucleotide auto covariance of lag2 on BDH,ABLS2: Dinucleotide auto covariance of lag2 on BLS,AETI2: Dinucleotide auto covariance of lag2 on ETI,AHTF2: Dinucleotide auto covariance of lag2 on HTF,AHCT2: Dinucleotide auto covariance of lag2 on HCT,AIBA2: Dinucleotide auto covariance of lag2 on IBA,ALBZ2: Dinucleotide auto covariance of lag2 on LBZ,APIA2: Dinucleotide auto covariance of lag2 on PIA,ASDG2: Dinucleotide auto covariance of lag2 on SDG,ASDH2: Dinucleotide auto covariance of lag2 on SDH,ASDS2: Dinucleotide auto covariance of lag2 on SDS,ASFB2: Dinucleotide auto covariance of lag2 on SFB,ASTB2: Dinucleotide auto covariance of lag2 on STB,ASKE2: Dinucleotide auto covariance of lag2 on SKE,ASMG2: Dinucleotide auto covariance of lag2 on SMG,ASMH2: Dinucleotide auto covariance of lag2 on SMH,ASMS2: Dinucleotide auto covariance of lag2 on SMS,AWCI2: Dinucleotide auto covariance of lag2 on WCI,ATWI2: Dinucleotide auto covariance of lag2 on TWI,ATIL2: Dinucleotide auto covariance of lag2 on TIL,AROL2: Dinucleotide auto covariance of lag2 on ROL,ASHI2: Dinucleotide auto covariance of lag2 on SHI,ASLI2: Dinucleotide auto covariance of lag2 on SLI,ARIS2: Dinucleotide auto covariance of lag2 on RIS,CC101: Cross covariance of lag1 on PID-BDS,CC102: Cross covariance of lag1 on PID-ETI,CC103: Cross covariance of lag1 on PID-SKE,CC104: Cross covariance of lag1 on PID-WCI,CC105: Cross covariance of lag1 on PID-SLI,CC106: Cross covariance of lag1 on BDS-PID,CC107: Cross covariance of lag1 on BDS-ETI,CC108: Cross covariance of lag1 on BDS-SKE,CC109: Cross covariance of lag1 on BDS-WCI,CC110: Cross covariance of lag1 on BDS-SLI,CC111: Cross covariance of lag1 on ETI-PID,CC112: Cross covariance of lag1 on ETI-BDS,CC113: Cross covariance of lag1 on ETI-SKE,CC114: Cross covariance of lag1 on ETI-WCI,CC115: Cross covariance of lag1 on ETI-SLI,CC116: Cross covariance of lag1 on SKE-PID,CC117: Cross covariance of lag1 on SKE-BDS,CC118: Cross covariance of lag1 on SKE-ETI,CC119: Cross covariance of lag1 on SKE-WCI,CC120: Cross covariance of lag1 on SKE-SLI,CC121: Cross covariance of lag1 on WCI-PID,CC122: Cross covariance of lag1 on WCI-BDS,CC123: Cross covariance of lag1 on WCI-ETI,CC124: Cross covariance of lag1 on WCI-SKE,CC125: Cross covariance of lag1 on WCI-SLI,CC126: Cross covariance of lag1 on SLI-PID,CC127: Cross covariance of lag1 on SLI-BDS,CC128: Cross covariance of lag1 on SLI-ETI,CC129: Cross covariance of lag1 on SLI-SKE,CC130: Cross covariance of lag1 on SLI-WCI,CC201: Cross covariance of lag2 on PID-BDS,CC202: Cross covariance of lag2 on PID-ETI,CC203: Cross covariance of lag2 on PID-SKE,CC204: Cross covariance of lag2 on PID-WCI,CC205: Cross covariance of lag2 on PID-SLI,CC206: Cross covariance of lag2 on BDS-PID,CC207: Cross covariance of lag2 on BDS-ETI,CC208: Cross covariance of lag2 on BDS-SKE,CC209: Cross covariance of lag2 on BDS-WCI,CC210: Cross covariance of lag2 on BDS-SLI,CC211: Cross covariance of lag2 on ETI-PID,CC212: Cross covariance of lag2 on ETI-BDS,CC213: Cross covariance of lag2 on ETI-SKE,CC214: Cross covariance of lag2 on ETI-WCI,CC215: Cross covariance of lag2 on ETI-SLI,CC216: Cross covariance of lag2 on SKE-PID,CC217: Cross covariance of lag2 on SKE-BDS,CC218: Cross covariance of lag2 on SKE-ETI,CC219: Cross covariance of lag2 on SKE-WCI,CC220: Cross covariance of lag2 on SKE-SLI,CC221: Cross covariance of lag2 on WCI-PID,CC222: Cross covariance of lag2 on WCI-BDS,CC223: Cross covariance of lag2 on WCI-ETI,CC224: Cross covariance of lag2 on WCI-SKE,CC225: Cross covariance of lag2 on WCI-SLI,CC226: Cross covariance of lag2 on SLI-PID,CC227: Cross covariance of lag2 on SLI-BDS,CC228: Cross covariance of lag2 on SLI-ETI,CC229: Cross covariance of lag2 on SLI-SKE,CC230: Cross covariance of lag2 on SLI-WCI,PCDAA: Parallel correlation PseDN composition of AA,PCDAT: Parallel correlation PseDN composition of AT,PCDAC: Parallel correlation PseDN composition of AC,PCDAG: Parallel correlation PseDN composition of AG,PCDTA: Parallel correlation PseDN composition of TA,PCDTT: Parallel correlation PseDN composition of TT,PCDTC: Parallel correlation PseDN composition of TC,PCDTG: Parallel correlation PseDN composition of TG,PCDCA: Parallel correlation PseDN composition of CA,PCDCT: Parallel correlation PseDN composition of CT,PCDCC: Parallel correlation PseDN composition of CC,PCDCG: Parallel correlation PseDN composition of CG,PCDGA: Parallel correlation PseDN composition of GA,PCDGT: Parallel correlation PseDN composition of GT,PCDGC: Parallel correlation PseDN composition of GC,PCDGG: Parallel correlation PseDN composition of GG,PCDl1: Parallel correlation PseDN composition of lamda1,PCDl2: Parallel correlation PseDN composition of lamda2,SCDAA: Series correlation PseDN composition of AA,SCDAT: Series correlation PseDN composition of AT,SCDAC: Series correlation PseDN composition of AC,SCDAG: Series correlation PseDN composition of AG,SCDTA: Series correlation PseDN composition of TA,SCDTT: Series correlation PseDN composition of TT,SCDTC: Series correlation PseDN composition of TC,SCDTG: Series correlation PseDN composition of TG,SCDCA: Series correlation PseDN composition of CA,SCDCT: Series correlation PseDN composition of CT,SCDCC: Series correlation PseDN composition of CC,SCDCG: Series correlation PseDN composition of CG,SCDGA: Series correlation PseDN composition of GA,SCDGT: Series correlation PseDN composition of GT,SCDGC: Series correlation PseDN composition of GC,SCDGG: Series correlation PseDN composition of GG,L1PID: Series correlation PseDN composition of lamda1-PID,L1BDS: Series correlation PseDN composition of lamda1-BDS,L1ETI: Series correlation PseDN composition of lamda1-ETI,L1SKE: Series correlation PseDN composition of lamda1-SKE,L1WCI: Series correlation PseDN composition of lamda1-WCI,L1SLI: Series correlation PseDN composition of lamda1-SLI,L2PID: Series correlation PseDN composition of lamda2-PID,L2BDS: Series correlation PseDN composition of lamda2-BDS,L2ETI: Series correlation PseDN composition of lamda2-ETI,L2SKE: Series correlation PseDN composition of lamda2-SKE,L2WCI: Series correlation PseDN composition of lamda2-WCI,L2SLI: Series correlation PseDN composition of lamda2-SLI
ENST00000607720.1,-0.092,-0.21600000000000003,-0.18,0.34600000000000003,-0.147,0.239,0.298,0.268,-0.069,0.349,-0.312,-0.233,0.06,0.271,0.146,0.028999999999999998,0.34600000000000003,-0.242,0.273,-0.147,-0.24100000000000002,0.34600000000000003,0.223,-0.10099999999999999,-0.115,0.002,-0.18,-0.09,0.262,0.2,0.133,0.34600000000000003,-0.293,-0.115,-0.028999999999999998,-0.026000000000000002,-0.14400000000000002,-0.36,-0.027000000000000003,0.07,-0.013000000000000001,0.003,-0.013000000000000001,0.09,-0.006999999999999999,-0.091,-0.002,-0.035,-0.017,0.076,-0.03,-0.092,-0.151,-0.147,0.003,0.001,-0.094,-0.013000000000000001,0.001,0.003,-0.035,-0.049,-0.028999999999999998,-0.026000000000000002,0.011000000000000001,-0.027000000000000003,0.002,-0.08199999999999999,-0.109,0.003,0.028999999999999998,-0.028999999999999998,-0.009000000000000001,-0.018000000000000002,0.012,-0.002,0.121,0.166,0.29600000000000004,0.166,0.23,0.156,0.354,0.165,0.354,-0.094,0.159,0.341,0.16699999999999998,0.345,-0.092,0.23399999999999999,0.23399999999999999,0.195,0.195,-0.204,0.159,0.341,0.345,0.16699999999999998,-0.092,0.154,-0.09,-0.11199999999999999,-0.17600000000000002,-0.11199999999999999,-0.001,-0.025,-0.075,-0.025,-0.033,0.111,-0.003,-0.006999999999999999,-0.003,-0.005,0.099,-0.018000000000000002,-0.016,0.002,-0.012,-0.006,-0.054000000000000006,-0.036000000000000004,-0.036000000000000004,0.011000000000000001,0.099,-0.018000000000000002,0.002,-0.016,-0.012,-0.071,-0.013999999999999999,-0.001,0.048,-0.001,0.031,0.037000000000000005,0.049,0.019,0.063,0.113,0.04,0.085,0.03,0.077,0.073,0.052000000000000005,0.013999999999999999,0.075,0.068,0.031,0.0704,0.0741,0.034,0.04,0.053,0.021,0.068,0.12300000000000001,0.044000000000000004,0.09300000000000001,0.032,0.084,0.08,0.057,0.015,0.08199999999999999,0.07400000000000001,0.034,-0.0098,0.0223,0.0212,-0.003,0.0212,-0.0058,0.0035,0.0043,0.0052,-0.0001,0.0052,0.0015
ENST00000432987.1,-0.040999999999999995,-0.18899999999999997,-0.11599999999999999,0.406,-0.1,0.25,0.319,0.23,0.017,0.395,-0.319,-0.23,0.01,0.231,0.086,-0.02,0.406,-0.21100000000000002,0.233,-0.1,-0.209,0.406,0.257,-0.14400000000000002,-0.155,-0.038,-0.10300000000000001,-0.04,0.28,0.195,0.113,0.406,-0.3,-0.161,0.073,-0.085,-0.18600000000000003,-0.35700000000000004,-0.026000000000000002,-0.066,0.002,0.027999999999999997,-0.004,-0.017,0.027999999999999997,-0.027999999999999997,-0.034,-0.006,-0.073,-0.019,-0.049,-0.019,-0.075,-0.102,0.027999999999999997,-0.039,-0.019,-0.004,-0.039,0.027999999999999997,-0.004,-0.036000000000000004,-0.028999999999999998,-0.071,-0.035,-0.025,0.032,-0.006999999999999999,-0.01,0.027999999999999997,-0.075,-0.12,0.018000000000000002,-0.14300000000000002,-0.034,-0.032,0.136,0.14800000000000002,0.247,0.14800000000000002,0.27399999999999997,0.151,0.397,0.19899999999999998,0.397,-0.11,0.14300000000000002,0.413,0.201,0.406,-0.111,0.21600000000000003,0.303,0.27,0.27,-0.248,0.14300000000000002,0.413,0.406,0.201,-0.111,0.113,-0.08800000000000001,-0.12,-0.182,-0.12,0.042,-0.008,-0.027999999999999997,-0.008,0.021,0.053,0.003,0.011000000000000001,0.003,0.049,0.067,0.02,0.005,0.027999999999999997,0.026000000000000002,0.048,-0.023,-0.005,-0.005,0.016,0.067,0.02,0.027999999999999997,0.005,0.026000000000000002,0.003,-0.013000000000000001,-0.006999999999999999,-0.009000000000000001,-0.006999999999999999,0.053,0.048,0.040999999999999995,0.036000000000000004,0.076,0.084,0.024,0.079,0.026000000000000002,0.055,0.062,0.05,0.021,0.07400000000000001,0.069,0.057,0.0699,0.075,0.059000000000000004,0.054000000000000006,0.046,0.04,0.086,0.094,0.027000000000000003,0.08900000000000001,0.03,0.062,0.07,0.055999999999999994,0.024,0.083,0.078,0.064,-0.0091,0.02,0.0199,-0.0019,0.0199,-0.0087,-0.0032,0.0007,0.0018,-0.0012,0.0018,-0.0014
ENST00000415082.1,-0.027000000000000003,-0.20199999999999999,-0.115,0.386,-0.124,0.20800000000000002,0.272,0.142,0.035,0.355,-0.37,-0.22899999999999998,0.048,0.14400000000000002,-0.017,-0.111,0.386,-0.179,0.146,-0.124,-0.177,0.386,0.23,-0.133,-0.121,-0.013000000000000001,-0.084,-0.026000000000000002,0.25,0.102,0.016,0.386,-0.29,-0.11,0.044000000000000004,-0.066,-0.18,-0.33,-0.115,-0.008,0.018000000000000002,-0.059000000000000004,-0.002,-0.094,-0.044000000000000004,-0.049,-0.084,-0.06,-0.011000000000000001,0.022000000000000002,-0.023,-0.042,-0.028999999999999998,-0.021,-0.059000000000000004,-0.059000000000000004,-0.042,-0.002,-0.059000000000000004,-0.059000000000000004,-0.09699999999999999,-0.069,-0.028999999999999998,0.06,-0.092,-0.114,-0.039,-0.11800000000000001,-0.135,-0.059000000000000004,0.008,-0.025,-0.031,-0.004,0.006999999999999999,-0.032,0.032,0.063,0.171,0.063,0.22899999999999998,0.139,0.368,0.222,0.368,-0.10300000000000001,0.155,0.373,0.22,0.386,-0.109,0.23199999999999998,0.253,0.244,0.244,-0.183,0.155,0.373,0.386,0.22,-0.109,0.21,-0.106,-0.105,-0.177,-0.105,-0.02,-0.013999999999999999,-0.04,-0.013999999999999999,-0.047,-0.013999999999999999,-0.055999999999999994,-0.079,-0.055999999999999994,-0.019,-0.019,-0.055999999999999994,-0.077,-0.059000000000000004,-0.015,-0.006,-0.076,-0.10300000000000001,-0.10300000000000001,0.017,-0.019,-0.055999999999999994,-0.059000000000000004,-0.077,-0.015,0.040999999999999995,-0.006999999999999999,-0.013000000000000001,-0.003,-0.013000000000000001,0.073,0.032,0.084,0.046,0.073,0.073,0.013999999999999999,0.066,0.057,0.064,0.05,0.03,0.032,0.057,0.054000000000000006,0.045,0.0711,0.076,0.084,0.037000000000000005,0.096,0.053,0.084,0.084,0.016,0.076,0.066,0.07400000000000001,0.057,0.035,0.037000000000000005,0.066,0.061,0.051,-0.0096,0.0175,0.0189,-0.0012,0.0189,-0.0085,-0.0001,-0.0028,-0.0029,-0.0055,-0.0029,0.0006
ENST00000609422.1,0.022000000000000002,-0.175,-0.155,0.447,-0.107,0.316,0.28800000000000003,0.106,0.038,0.374,-0.43,-0.221,-0.004,0.11599999999999999,-0.028999999999999998,-0.086,0.447,-0.22,0.11699999999999999,-0.107,-0.21899999999999997,0.447,0.272,-0.099,-0.068,-0.035,0.012,0.022000000000000002,0.272,0.109,0.019,0.447,-0.337,-0.171,0.361,0.001,-0.321,-0.35700000000000004,0.01,0.031,0.028999999999999998,0.078,0.032,0.08800000000000001,0.046,-0.002,-0.006,0.035,0.032,0.026000000000000002,0.019,0.003,0.008,0.035,0.078,-0.012,0.002,0.032,-0.012,0.078,0.057,0.013999999999999999,0.025,0.068,0.033,0.01,0.055999999999999994,-0.004,-0.018000000000000002,0.078,0.02,0.037000000000000005,0.042,0.067,0.015,-0.025,0.125,0.163,0.24600000000000002,0.163,0.266,0.14,0.408,0.212,0.408,-0.134,0.142,0.406,0.23800000000000002,0.447,-0.138,0.212,0.316,0.325,0.325,-0.264,0.142,0.406,0.447,0.23800000000000002,-0.138,0.203,-0.091,-0.121,-0.22,-0.121,0.028999999999999998,0.037000000000000005,0.042,0.037000000000000005,0.013000000000000001,0.022000000000000002,0.061,0.048,0.061,-0.005,0.046,0.05,0.045,0.077,-0.028999999999999998,0.045,0.027999999999999997,0.045,0.045,-0.040999999999999995,0.046,0.05,0.077,0.045,-0.028999999999999998,-0.006,-0.021,-0.027000000000000003,-0.035,-0.027000000000000003,0.073,0.046,0.039,0.064,0.064,0.061,0.006999999999999999,0.08,0.031,0.035,0.025,0.044000000000000004,0.055,0.071,0.062,0.106,0.069,0.069,0.079,0.049,0.042,0.069,0.069,0.066,0.006999999999999999,0.086,0.033,0.038,0.027000000000000003,0.047,0.059000000000000004,0.076,0.067,0.114,-0.0071,0.0191,0.0241,0.0034,0.0241,-0.0149,0.0025,0.0034,0.006999999999999999,0.0028,0.006999999999999999,0.0007
ENST00000595301.1,0.001,-0.161,-0.183,0.41,-0.11699999999999999,0.342,0.273,0.142,0.039,0.34299999999999997,-0.408,-0.184,0.019,0.15,-0.004,-0.08900000000000001,0.41,-0.174,0.15,-0.11699999999999999,-0.17300000000000001,0.41,0.231,-0.121,-0.09300000000000001,0.006999999999999999,-0.036000000000000004,0.002,0.255,0.094,0.012,0.41,-0.27699999999999997,-0.12,0.294,0.075,-0.242,-0.315,-0.069,-0.003,0.02,0.027000000000000003,0.099,0.07200000000000001,-0.001,-0.025,-0.054000000000000006,-0.009000000000000001,0.049,-0.006,-0.043,-0.034,-0.002,0.026000000000000002,0.027000000000000003,-0.08800000000000001,-0.034,0.099,-0.08800000000000001,0.027000000000000003,-0.036000000000000004,-0.066,-0.032,0.001,-0.026000000000000002,-0.069,0.003,-0.092,-0.12300000000000001,0.027000000000000003,0.012,-0.079,0.161,0.013000000000000001,-0.04,-0.11199999999999999,0.105,0.126,0.175,0.126,0.22,0.147,0.371,0.245,0.371,-0.07400000000000001,0.17300000000000001,0.36700000000000005,0.264,0.41,-0.078,0.20199999999999999,0.21600000000000003,0.23399999999999999,0.23399999999999999,-0.17,0.17300000000000001,0.36700000000000005,0.41,0.264,-0.078,0.16399999999999998,-0.11800000000000001,-0.14400000000000002,-0.20199999999999999,-0.14400000000000002,-0.002,-0.005,-0.005,-0.005,-0.017,0.052000000000000005,0.011000000000000001,-0.021,0.011000000000000001,0.003,0.067,0.008,-0.019,0.027000000000000003,-0.012,0.069,-0.025,-0.006,-0.006,-0.053,0.067,0.008,0.027000000000000003,-0.019,-0.012,-0.01,-0.02,-0.013999999999999999,-0.053,-0.013999999999999999,0.07400000000000001,0.027000000000000003,0.083,0.05,0.057999999999999996,0.039,0.013000000000000001,0.071,0.064,0.05,0.05,0.044000000000000004,0.039,0.063,0.063,0.07400000000000001,0.0672,0.0712,0.08199999999999999,0.03,0.09300000000000001,0.055999999999999994,0.065,0.044000000000000004,0.013999999999999999,0.079,0.07200000000000001,0.055999999999999994,0.055999999999999994,0.049,0.044000000000000004,0.07,0.07,0.08199999999999999,-0.0068,0.0169,0.0205,0.0007,0.0205,-0.0115,0.0008,-0.0,0.0021,-0.0027,0.0021,-0.0018
ENST00000413096.1,-0.158,-0.242,-0.153,0.337,-0.243,0.253,0.271,0.16,-0.115,0.23800000000000002,-0.409,-0.27,-0.043,0.156,-0.013000000000000001,-0.128,0.337,-0.313,0.157,-0.243,-0.311,0.337,0.177,-0.29100000000000004,-0.325,-0.038,-0.242,-0.156,0.253,0.121,0.055,0.337,-0.365,-0.231,0.07400000000000001,-0.057,-0.225,-0.434,-0.20600000000000002,0.013000000000000001,-0.013000000000000001,-0.018000000000000002,0.068,0.043,-0.001,-0.09,-0.20600000000000002,-0.094,0.018000000000000002,-0.036000000000000004,0.013999999999999999,-0.08199999999999999,-0.09699999999999999,-0.071,-0.018000000000000002,-0.201,-0.084,0.068,-0.2,-0.018000000000000002,-0.057,-0.128,-0.13699999999999998,-0.092,-0.18600000000000003,-0.204,0.026000000000000002,-0.078,-0.09300000000000001,-0.018000000000000002,0.006999999999999999,-0.032,-0.021,-0.023,-0.106,-0.201,0.006999999999999999,0.028999999999999998,0.109,0.028999999999999998,0.23399999999999999,0.34,0.276,0.096,0.276,-0.138,0.332,0.316,0.109,0.337,-0.162,0.413,0.322,0.259,0.259,-0.321,0.332,0.316,0.337,0.109,-0.162,0.201,0.038,-0.022000000000000002,-0.18100000000000002,-0.022000000000000002,0.091,0.149,0.231,0.149,0.048,-0.02,-0.053,0.017,-0.053,0.14400000000000002,0.032,-0.06,-0.017,-0.018000000000000002,0.07,0.073,-0.10400000000000001,-0.094,-0.094,-0.048,0.032,-0.06,-0.018000000000000002,-0.017,0.07,0.048,-0.022000000000000002,-0.055999999999999994,-0.17,-0.055999999999999994,0.048,0.064,0.086,0.033,0.13,0.087,0.023,0.042,0.036000000000000004,0.094,0.042,0.022000000000000002,0.017,0.037000000000000005,0.042,0.037000000000000005,0.0785,0.0803,0.057,0.076,0.102,0.039,0.153,0.10300000000000001,0.027999999999999997,0.05,0.042,0.111,0.05,0.026000000000000002,0.02,0.044000000000000004,0.05,0.044000000000000004,-0.0119,0.0134,0.0184,-0.0073,0.0184,-0.0111,0.0008,-0.0032,0.0007,-0.0097,0.0007,-0.0051
ENST00000590491.1,0.034,-0.16699999999999998,-0.185,0.504,-0.098,0.353,0.385,0.26899999999999996,0.067,0.433,-0.311,-0.162,0.053,0.271,0.132,0.035,0.504,-0.159,0.273,-0.098,-0.158,0.504,0.332,-0.069,-0.07,-0.026000000000000002,-0.10099999999999999,0.037000000000000005,0.35700000000000004,0.226,0.135,0.504,-0.266,-0.132,0.131,-0.038,-0.163,-0.31,0.011000000000000001,0.006,-0.006999999999999999,0.168,0.025,0.17600000000000002,0.106,-0.013999999999999999,0.001,0.09699999999999999,-0.055,0.013999999999999999,-0.031,-0.002,-0.078,-0.083,0.168,-0.052000000000000005,-0.002,0.025,-0.052000000000000005,0.168,0.071,-0.055999999999999994,-0.018000000000000002,-0.023,0.036000000000000004,0.011000000000000001,0.105,-0.006999999999999999,-0.048,0.168,-0.044000000000000004,-0.076,0.048,-0.016,-0.039,-0.087,0.151,0.182,0.249,0.182,0.15,0.19699999999999998,0.465,0.282,0.465,-0.11900000000000001,0.215,0.466,0.302,0.504,-0.133,0.267,0.313,0.322,0.322,-0.195,0.215,0.466,0.504,0.302,-0.133,0.149,-0.1,-0.11900000000000001,-0.17800000000000002,-0.11900000000000001,0.098,0.09699999999999999,0.044000000000000004,0.09699999999999999,-0.002,0.113,0.13699999999999998,0.047,0.13699999999999998,-0.044000000000000004,0.10300000000000001,0.135,0.067,0.168,-0.054000000000000006,0.057,0.078,0.08800000000000001,0.08800000000000001,-0.062,0.10300000000000001,0.135,0.168,0.067,-0.054000000000000006,-0.002,-0.037000000000000005,-0.047,-0.055999999999999994,-0.047,0.059000000000000004,0.04,0.068,0.033,0.061,0.091,0.036000000000000004,0.063,0.053,0.067,0.067,0.04,0.027000000000000003,0.052000000000000005,0.057,0.042,0.0683,0.0738,0.064,0.043,0.073,0.035,0.065,0.098,0.038,0.068,0.057,0.07200000000000001,0.07200000000000001,0.043,0.028999999999999998,0.055,0.061,0.045,-0.0077,0.0218,0.0243,0.0018,0.0243,-0.006999999999999999,0.0003,0.0064,0.0089,0.0006,0.0089,-0.0013
ENST00000586051.1,0.013000000000000001,-0.13699999999999998,-0.049,0.46399999999999997,-0.037000000000000005,0.395,0.297,0.142,0.064,0.418,-0.32299999999999995,-0.142,0.009000000000000001,0.152,0.017,-0.05,0.46399999999999997,-0.142,0.153,-0.037000000000000005,-0.141,0.46399999999999997,0.23800000000000002,-0.102,-0.035,-0.055,-0.027999999999999997,0.013000000000000001,0.263,0.127,0.053,0.46399999999999997,-0.273,-0.129,0.26,-0.047,-0.168,-0.254,-0.066,-0.036000000000000004,0.009000000000000001,0.054000000000000006,-0.005,0.064,0.033,-0.003,-0.073,0.044000000000000004,-0.07,-0.05,0.003,0.004,-0.045,-0.061,0.054000000000000006,-0.106,0.004,-0.005,-0.106,0.054000000000000006,-0.003,-0.037000000000000005,-0.004,-0.016,-0.064,-0.066,0.031,-0.034,-0.053,0.054000000000000006,-0.064,-0.059000000000000004,0.07400000000000001,-0.021,-0.059000000000000004,-0.109,0.11199999999999999,0.122,0.136,0.122,0.155,0.196,0.439,0.231,0.439,-0.142,0.20800000000000002,0.439,0.242,0.46399999999999997,-0.157,0.233,0.275,0.272,0.272,-0.22,0.20800000000000002,0.439,0.46399999999999997,0.242,-0.157,0.146,-0.109,-0.121,-0.14400000000000002,-0.121,0.005,0.017,0.049,0.017,0.057999999999999996,0.07200000000000001,0.055999999999999994,-0.042,0.055999999999999994,-0.068,0.065,0.038,-0.034,0.054000000000000006,-0.068,0.069,0.035,0.032,0.032,-0.085,0.065,0.038,0.054000000000000006,-0.034,-0.068,0.040999999999999995,0.013000000000000001,-0.001,-0.036000000000000004,-0.001,0.105,0.040999999999999995,0.07200000000000001,0.048,0.07,0.077,0.01,0.051,0.052000000000000005,0.035,0.04,0.046,0.039,0.053,0.051,0.07200000000000001,0.065,0.07200000000000001,0.114,0.045,0.079,0.052000000000000005,0.076,0.084,0.011000000000000001,0.055,0.057,0.038,0.044000000000000004,0.05,0.043,0.057999999999999996,0.055999999999999994,0.078,-0.0057,0.0199,0.023,0.002,0.023,-0.0078,-0.001,0.0022,0.0037,-0.0017,0.0037,-0.0027
ENST00000524269.1,0.027999999999999997,-0.158,-0.091,0.39799999999999996,-0.07,0.259,0.261,0.066,0.069,0.306,-0.441,-0.212,-0.026000000000000002,0.077,-0.067,-0.11199999999999999,0.39799999999999996,-0.198,0.077,-0.07,-0.198,0.39799999999999996,0.258,-0.121,-0.121,-0.073,-0.026000000000000002,0.028999999999999998,0.254,0.091,0.004,0.39799999999999996,-0.315,-0.18600000000000003,0.13,-0.013999999999999999,-0.35,-0.33,-0.05,-0.024,-0.107,-0.013000000000000001,-0.087,0.03,-0.002,-0.006999999999999999,-0.064,-0.022000000000000002,-0.084,-0.065,-0.018000000000000002,-0.012,-0.005,-0.002,-0.013000000000000001,-0.09699999999999999,-0.012,-0.087,-0.09699999999999999,-0.013000000000000001,-0.021,-0.035,-0.035,-0.09,-0.003,-0.049,-0.0,-0.003,0.006999999999999999,-0.013000000000000001,-0.068,-0.052000000000000005,-0.028999999999999998,-0.019,-0.12300000000000001,-0.099,0.037000000000000005,0.064,0.17,0.064,0.23,0.193,0.35100000000000003,0.188,0.35100000000000003,-0.134,0.204,0.349,0.22,0.39799999999999996,-0.14800000000000002,0.22899999999999998,0.307,0.307,0.307,-0.21899999999999997,0.204,0.349,0.39799999999999996,0.22,-0.14800000000000002,0.22899999999999998,-0.023,-0.054000000000000006,-0.203,-0.054000000000000006,0.039,0.04,0.028999999999999998,0.04,0.061,0.018000000000000002,-0.026000000000000002,-0.044000000000000004,-0.026000000000000002,0.057,0.03,-0.016,-0.034,-0.013999999999999999,0.045,0.064,-0.005,-0.008,-0.008,-0.061,0.03,-0.016,-0.013999999999999999,-0.034,0.045,0.055999999999999994,-0.005,0.01,-0.018000000000000002,0.01,0.124,0.048,0.068,0.079,0.061,0.051,0.008,0.055999999999999994,0.066,0.038,0.013000000000000001,0.023,0.066,0.038,0.053,0.066,0.0698,0.07400000000000001,0.136,0.053,0.075,0.086,0.067,0.055999999999999994,0.008,0.061,0.07200000000000001,0.042,0.013999999999999999,0.025,0.07200000000000001,0.042,0.057999999999999996,0.07200000000000001,-0.0057,0.0185,0.0248,0.0048,0.0248,-0.0163,0.0005,0.0032,0.0055,0.0012,0.0055,-0.0056
ENST00000518439.1,0.02,-0.218,-0.113,0.353,-0.152,0.198,0.226,0.040999999999999995,-0.01,0.244,-0.42100000000000004,-0.264,0.051,0.046,-0.07200000000000001,-0.115,0.353,-0.247,0.047,-0.152,-0.24600000000000002,0.353,0.233,-0.079,-0.081,-0.07400000000000001,-0.018000000000000002,0.022000000000000002,0.23199999999999998,0.066,-0.021,0.353,-0.35,-0.184,0.134,-0.035,-0.294,-0.387,-0.02,0.018000000000000002,0.006,-0.037000000000000005,-0.022000000000000002,-0.059000000000000004,-0.02,-0.039,-0.01,-0.057,-0.045,0.013999999999999999,-0.004,-0.038,-0.008,0.01,-0.037000000000000005,-0.035,-0.038,-0.022000000000000002,-0.035,-0.037000000000000005,-0.032,0.006,0.012,-0.017,0.012,-0.02,-0.006999999999999999,-0.043,-0.054000000000000006,-0.037000000000000005,-0.022000000000000002,-0.059000000000000004,-0.022000000000000002,-0.065,-0.047,-0.028999999999999998,0.158,0.175,0.306,0.175,0.256,0.032,0.289,0.249,0.289,-0.02,0.079,0.294,0.28800000000000003,0.353,-0.036000000000000004,0.215,0.17300000000000001,0.21899999999999997,0.21899999999999997,-0.152,0.079,0.294,0.353,0.28800000000000003,-0.036000000000000004,0.247,-0.122,-0.124,-0.245,-0.124,-0.022000000000000002,-0.019,-0.015,-0.019,0.028999999999999998,0.021,-0.059000000000000004,-0.054000000000000006,-0.059000000000000004,0.008,0.013999999999999999,-0.039,-0.03,-0.037000000000000005,0.013999999999999999,-0.026000000000000002,-0.042,-0.03,-0.03,0.002,0.013999999999999999,-0.039,-0.037000000000000005,-0.03,0.013999999999999999,-0.001,0.013000000000000001,0.026000000000000002,0.026000000000000002,0.026000000000000002,0.08800000000000001,0.04,0.054000000000000006,0.062,0.052000000000000005,0.022000000000000002,0.016,0.069,0.062,0.043,0.04,0.052000000000000005,0.043,0.054000000000000006,0.086,0.07400000000000001,0.0713,0.0722,0.099,0.045,0.06,0.07,0.059000000000000004,0.025,0.018000000000000002,0.078,0.07,0.049,0.045,0.059000000000000004,0.049,0.06,0.098,0.084,-0.0099,0.0139,0.0198,0.0022,0.0198,-0.0141,0.0016,-0.0006,0.0009,0.0002,0.0009,-0.0022
